ID,Name,Description,Add,Tel,CoverImage,TagsStr,PriceLevel,AvgPrice,City,Town,ServiceTime,Parking,Payment,Website,GoogleMap,Px,Py,Region,Google_Status,Google_Reviews,Google_Photos,Place_ID,desc_len
C3_376490000A_000834,二崙煎包,人未到，香先到！吃到讓人笑的甜鹹煎包人在街口，就聞到高麗菜餡快炒的甜香。老闆以慢火細煎兩面「恰恰」酥金的外皮，讓煎包又更多酥香脆。亦有甜綠豆沙，清軟綿綿而不甜膩，配上香酥金黃外皮，竟沒想到這麼搭。,二崙鄉中山路與中華路交叉口,886-5-5000000,,,$$$,2987,雲林縣,二崙鄉,14:00-售完為止日公休,請參考周邊路邊停車格或收費停車場,Cash,https://www.facebook.com/p/%E4%BA%8C%E5%B4%99%E7%85%8E%E5%8C%85-100063582894181/,https://www.google.com/maps/search/?api=1&query=%E4%BA%8C%E5%B4%99%E7%85%8E%E5%8C%85%20%E4%BA%8C%E5%B4%99%E9%84%89%E4%B8%AD%E5%B1%B1%E8%B7%AF%E8%88%87%E4%B8%AD%E8%8F%AF%E8%B7%AF%E4%BA%A4%E5%8F%89%E5%8F%A3,120.4112,23.77007,Central,Active/Open,135,10,ChIJR7Zmwz-xbjQR4xQcGwxm5AU,
C3_387000000A_000124,炭火燒肉工房,"炭火燒肉工房：純粹食材與年輕活力的完美碰撞。
這裡不只是餐廳，更是朋友聚首的溫馨場域。從一碗暖胃蔥花雞湯開始，體驗由年輕團隊打造的舒心氛圍。我們屏棄複雜的調味，堅持以熾熱炭火還原食材本色。在裊裊炭香中，邀您品嚐那份返璞歸真的絕妙感動。",臺中市403西區美村路一段412號,886-4-23762988,,,$,190,臺中市,西區,詳見官網或電話洽詢,請參考周邊路邊停車格或收費停車場,Cash,https://www.facebook.com/pages/category/Barbecue-Restaurant/%E7%82%AD%E7%81%AB%E7%87%92%E8%82%89%E5%B7%A5%E6%88%BF-%E7%BE%8E%E6%9D%91%E5%BA%97-319404619877/,https://www.google.com/maps/search/?api=1&query=%E7%82%AD%E7%81%AB%E7%87%92%E8%82%89%E5%B7%A5%E6%88%BF%20%E8%87%BA%E4%B8%AD%E5%B8%82403%E8%A5%BF%E5%8D%80%E7%BE%8E%E6%9D%91%E8%B7%AF%E4%B8%80%E6%AE%B5412%E8%99%9F,120.66159,24.14362,Central,Active/Open,1420,10,ChIJu0kSn6E9aTQRFhkHBqoHqLw,
C3_376430000A_001943,卡托米利庭園咖啡,2016海客之都認證餐廳推薦菜色：黑森林花果茶、青醬野菇鮭魚麵、檸檬香茅烤雞腿排取名世界前一百大勝地，希臘米克諾斯島著名地標KATO MILI，島上五座風車一直是人們的心之嚮往；而今在永安的卡托米利庭園咖啡找到如同KATO MILI的明媚風光。所有的氛圍感受從一下車即被營造，藍天、白色建築、大風車、綠草皮、愛心池&hellip;&hellip;來此的顧客，幾乎動作如出一轍，馬上拿出手機，索性先拍照打卡再說。進入餐廳後，又是另一風情，牆壁壁畫透露著希臘的街景，一筆一畫出自於美術系畢業的陳老闆娘，看著她臉上洋溢的幸褔感，一時之間，我們都明白了，卡托米利是她心中的夢想樂園，而她將夢境，喔不，是將大家的夢境點石成真。 新奇又吸睛的海客義大利餐，喜歡喝咖啡的顧客經常也會收到陳老闆娘的愛心拉花，讓人彷彿置身在國外之餘，又增添夢幻。白蘭地蛤蜊義大利麵、鬱香鮮蚵海鮮燉飯，或是深受小朋友...,桃園市327新屋區東福路三段1038巷48號,886-3-4768668,,,$$$,1364,桃園市,新屋區,10:00~19:00,請參考周邊路邊停車格或收費停車場,Cash,https://www.facebook.com/%E5%8D%A1%E6%89%98%E7%B1%B3%E5%88%A9%E5%BA%AD%E5%9C%92%E5%92%96%E5%95%A1%E7%B2%89%E7%B5%B2%E5%9C%98-268885293132139/,https://www.google.com/maps/search/?api=1&query=%E5%8D%A1%E6%89%98%E7%B1%B3%E5%88%A9%E5%BA%AD%E5%9C%92%E5%92%96%E5%95%A1%20%E6%A1%83%E5%9C%92%E5%B8%82327%E6%96%B0%E5%B1%8B%E5%8D%80%E6%9D%B1%E7%A6%8F%E8%B7%AF%E4%B8%89%E6%AE%B51038%E5%B7%B748%E8%99%9F,120.99348,24.94056,North,Active/Open,1102,10,ChIJw_EkSx0uaDQRXkHKed5hsq0,
C3_382000000A_207336,古早味鹹湯圓,深夜十分還是依然人潮洶湧，位於新莊的24小時不打烊的美味，當你夜深時肚子餓時，店家料好實在美食，正是解飢的好選擇！推薦菜色:鹹湯圓、蝦仁扁食、燒肉麵 、虎皮蝦捲,新北市242新莊區新莊路317號1F,886-2-29944093,,,$$,681,新北市,新莊區,11:00 - 22:00 / 月底週二、三、四,請參考周邊路邊停車格或收費停車場,Cash,https://almablog.tw/blog/post/247628,https://www.google.com/maps/search/?api=1&query=%E6%AD%A3%E5%8F%A4%E6%97%A9%E5%91%B3%28%E5%8F%A4%E6%97%A9%E5%91%B3%E9%B9%B9%E6%B9%AF%E5%9C%93%29%20%E6%96%B0%E5%8C%97%E5%B8%82242%E6%96%B0%E8%8E%8A%E5%8D%80%E6%96%B0%E8%8E%8A%E8%B7%AF317%E8%99%9F1F,121.45281,25.0342,North,Active/Open,769,10,ChIJURrOoXOoQjQRQtuQl_xyUGQ,
C3_376470000A_000187,木生海鮮會館,「木生海鮮會館」**是一家深受在地人推崇的樸實名店，專精於鮮美的海鮮料理、暖心湯品與適合多人共享的佳餚。最特別的是，在這間專業的海鮮餐廳裡，藏著讓人一試難忘的「靈魂滷肉飯」，這種由頂級海味與庶民小吃交織出的獨特風味，讓木生成為在地饕客口耳相傳的飲食寶地。,彰化縣鹿港鎮自由路77號,886-4-7764072,,,$$,570,彰化縣,鹿港鎮,"11:00–14:00, 17:30–20:30",請參考周邊路邊停車格或收費停車場,Cash,https://www.facebook.com/profile.php?id=100069190856313,https://www.google.com/maps/search/?api=1&query=%E6%9C%A8%E7%94%9F%E6%B5%B7%E9%AE%AE%E6%9C%83%E9%A4%A8%20%E5%BD%B0%E5%8C%96%E7%B8%A3%E9%B9%BF%E6%B8%AF%E9%8E%AE%E8%87%AA%E7%94%B1%E8%B7%AF77%E8%99%9F,120.436781,24.059861,Central,Active/Open,2562,10,ChIJQRNNxglGaTQR2cMdN2uo0Hg,
C3_395000000A_001820,邱家小卷米粉,這是一家主打台南大菜市場經典風味的樸實麵食館。設有舒適的露天座位，提供最具代表性的家常魷魚與小卷米粉。店家特別強調工序，透過幫浦打水技術活化新鮮小卷，使其肉質鮮嫩、咬勁十足。搭配粉紅色的鮮甜湯頭與特色粗米粉，在簡單的用餐環境中，展現出最不簡單的職人滋味。,臺南市700中西區國華街三段253號,886-6-2210517,,,$,236,臺南市,中西區,週一~週日11:00–17:00，週三休息,海安路地下停車場,Cash,https://www.facebook.com/%E9%82%B1%E5%AE%B6%E5%82%B3%E7%B5%B1%E5%B0%8F%E5%90%83%E5%B0%8F%E5%8D%B7%E7%B1%B3%E7%B2%89-242547202445920/,https://www.google.com/maps/search/?api=1&query=%E9%82%B1%E5%AE%B6%E5%B0%8F%E5%8D%B7%E7%B1%B3%E7%B2%89%20%E8%87%BA%E5%8D%97%E5%B8%82700%E4%B8%AD%E8%A5%BF%E5%8D%80%E5%9C%8B%E8%8F%AF%E8%A1%97%E4%B8%89%E6%AE%B5253%E8%99%9F,120.19951,22.99929,South,Active/Open,8793,10,ChIJZ1Zt6WR2bjQRNzPYYyIaN5Q,
C3_382000000A_207940,雪花軒涼麵,在新店與老孫涼麵齊名的雪花軒，也是當地美食行家力薦的涼麵名店，兩家店賣的涼麵和產品大同小異，卻各有死忠的美食粉絲。雪花軒最受歡迎的美食除了涼麵之外，熱湯和炒麵、炒米粉古早味的口感，也很受老饕的喜愛。雪花軒涼麵口感綿軟富彈性、味香而不膩，老闆將麵條抓入盤子裡，再淋上香濃的麻醬，與小黃瓜絲搭配，一起拌勻後讓麵條與麻醬相融，麵條微Q彈、有嚼勁，芝麻醬和各種味道交相掩映，真是妙不可言。,新北市231新店區中正路96號,886-2-86659623,,,$$,825,新北市,新店區,05:00-14:00 （第二，四個禮拜休禮拜天）,請參考周邊路邊停車格或收費停車場,Cash,https://www.facebook.com/share/1EExSS7kW7/,https://www.google.com/maps/search/?api=1&query=%E9%9B%AA%E8%8A%B1%E8%BB%92%E6%B6%BC%E9%BA%B5%20%E6%96%B0%E5%8C%97%E5%B8%82231%E6%96%B0%E5%BA%97%E5%8D%80%E4%B8%AD%E6%AD%A3%E8%B7%AF96%E8%99%9F,121.54345,24.97054,North,Active/Open,774,10,ChIJX7GRg_MBaDQRpl4OZWLey4A,
C3_395000000A_006531,宇牛肉湯,開幕至今雖營運只有幾年，但老闆的父親位於肉品市場上班，秉持著牛肉絕對新鮮口號進而吸引眾多每天必定前來品嚐的客人，店內所熬高湯是用牛大骨及店內秘方所特別製作的，甘醇爽口。另外有許多招牌菜，像是熱炒牛骨髓、蔥爆牛肉或是青椒炒牛肉，讓人忍不住食指大動，口水直流。推薦特色菜：熱炒牛骨髓(老闆推薦加牛肉)、頂級五花肉(10點前即售完),臺南市709安南區安中路一段968號,886-9-89207446,,,$$$,2984,臺南市,安南區,週一~週日03:00–21:30，週二休息,請參考周邊路邊停車格或收費停車場,Cash,https://www.facebook.com/yufreshbeefsoup/,https://www.google.com/maps/search/?api=1&query=%E5%AE%87%E7%89%9B%E8%82%89%E6%B9%AF%20%E8%87%BA%E5%8D%97%E5%B8%82709%E5%AE%89%E5%8D%97%E5%8D%80%E5%AE%89%E4%B8%AD%E8%B7%AF%E4%B8%80%E6%AE%B5968%E8%99%9F,120.19219,23.04509,South,Active/Open,693,10,ChIJMRCVCnOIbjQRls-bF2ubMc4,
C3_376580000A_000057,鄭家魚丸燕圓,早在光復以前，靠近東門市場附近就有一個挑著竹扁擔，沿街叫賣魚丸、燕丸的鄭老伯在那做生意。第二代的老闆年少有成，自十三歲起就接掌鄭伯的事業。不久後將店面落成於城隍廟內安頓下來，免去了勞碌奔波之苦。至今傳到第三代，足足歷經八十年歷史，可謂城隍廟內一等一的老字號。魚丸、燕丸的材料乃是選用新鮮的『海魚』。經過去鱗、除骨、攪醬等過程後，再以手工捏製成形。這可是每天都得做的『例行公事』，所以在這裡絕對吃不到冷凍過的魚丸、燕丸。店裡除了老闆、老闆娘雙人組外，還有未來的老闆及眾女兒們幫忙，一家人採輕鬆有效率的輪班制度，服務來城隍的食客。,新竹市北區中山路75號,886-3-5258189,,,$$$,2819,新竹市,北區,一~日7:00~22:30,請參考周邊路邊停車格或收費停車場,Cash,https://yoti.life/hsinchu-food-16/,https://www.google.com/maps/search/?api=1&query=%E9%84%AD%E5%AE%B6%E9%AD%9A%E4%B8%B8%E7%87%95%E4%B8%B8%20%E6%96%B0%E7%AB%B9%E5%B8%82%E5%8C%97%E5%8D%80%E4%B8%AD%E5%B1%B1%E8%B7%AF75%E8%99%9F,120.96565,24.80456,North,Active/Open,240,10,ChIJJ1h0GsA1aDQR0EOM-WRsJV4,
C3_395000000A_002196,瑪莎園,瑪莎園的蔬菜蛋花膠是真心好吃！一口一口都得再夾一次。氣氛超惹人愛！周末去這裡的朋友們，你們一定會 thich的！ (AI熱情推薦),臺南市714玉井區沙田里25-66號,886-6-5746809,,,$$,625,臺南市,玉井區,週一~週日11:00–22:00，週三休息,請參考周邊路邊停車格或收費停車場,Cash,https://www.facebook.com/masa.coffee/,https://www.google.com/maps/search/?api=1&query=%E7%91%AA%E8%8E%8E%E5%9C%92%20%E8%87%BA%E5%8D%97%E5%B8%82714%E7%8E%89%E4%BA%95%E5%8D%80%E6%B2%99%E7%94%B0%E9%87%8C25-66%E8%99%9F,120.48319,23.12966,South,Active/Open,1112,10,ChIJGdaTs-ZgbjQRR4HFmTrNB38,
C3_395000000A_001964,呷霸浮水魚羹,營業時間：09：00~20：30有別於一般以虱目魚漿做成的魚丸，「呷霸白北浮水魚羹」選用深海白北魚做原料，再混合鴨蛋一起攪打，配上魚骨熬製的高湯，可說是相當特別的料理。,臺南市700中西區民族路二段343號,886-6-2233634,,,$,334,臺南市,中西區,週一~週日09:00–20:00,請參考周邊路邊停車格或收費停車場,Cash,https://www.facebook.com/p/%E5%91%B7%E9%9C%B8%E7%99%BD%E8%85%B9%E6%B5%AE%E6%B0%B4%E9%AD%9A%E7%BE%B9%E5%B0%88%E8%B3%A3%E5%BA%97-100063777018181/,https://www.google.com/maps/search/?api=1&query=%E5%91%B7%E9%9C%B8%E6%B5%AE%E6%B0%B4%E9%AD%9A%E7%BE%B9%20%E8%87%BA%E5%8D%97%E5%B8%82700%E4%B8%AD%E8%A5%BF%E5%8D%80%E6%B0%91%E6%97%8F%E8%B7%AF%E4%BA%8C%E6%AE%B5343%E8%99%9F,120.20248,22.99677,South,Active/Open,383,10,ChIJcV-RgmF2bjQRoXD_48bOURU,
C3_376490000A_000890,韓國戀人(Korealover),韓風新潮貨櫃餐廳整齊劃一的翠綠草地之上，矗立著時下最流行的低彩度貨櫃風韓風餐館，光從外表看來就像是一座裝置藝術。除了可以於店外大草坪與大陽傘蔭下，飽餐道地的紫菜飯捲、韓式三明治，可也別忘留點胃囊給每日限量的美好甜點！,麥寮鄉霄仁路50號(車水馬龍自助洗車場旁),886-5-7878887,,,$,266,雲林縣,麥寮鄉,11:00-19:00五六11:00-21:00一二三公休,請參考周邊路邊停車格或收費停車場,Cash,https://www.instagram.com/__korealover__?igsh=M2hqaTFkNWF2NG9i,https://www.google.com/maps/search/?api=1&query=%E9%9F%93%E5%9C%8B%E6%88%80%E4%BA%BA%20%ED%95%9C%EA%B5%AD%EC%9D%98%20%EC%97%B0%EC%9D%B8%20Korealover%20%E9%BA%A5%E5%AF%AE%E9%84%89%E9%9C%84%E4%BB%81%E8%B7%AF50%E8%99%9F%28%E8%BB%8A%E6%B0%B4%E9%A6%AC%E9%BE%8D%E8%87%AA%E5%8A%A9%E6%B4%97%E8%BB%8A%E5%A0%B4%E6%97%81%29,120.2652,23.75212,Central,Active/Open,498,10,ChIJq3IWbiCvbjQRebJyvwPgUiY,
C3_376490000A_000894,雲林100碗(凹凸咖啡館),台灣生活美學史進行式，百坪古宅咖啡香日治時期三菱企業的圖南產業宿舍群落腳斗六，就在這美麗的日式庭院、房舍內開展了輝煌歷史，曾擔負遠東最大咖啡工廠的生產任務。現在亦有文創咖啡店進駐，值得拜訪賞景。,雲林縣斗六市雲中街9巷12號,886-5-5379880,,,$$,605,雲林縣,斗六市,11:30-21:00一二公休,請參考周邊路邊停車格或收費停車場,Cash,https://www.facebook.com/ottocoffe/,https://www.google.com/maps/search/?api=1&query=%E5%87%B9%E5%87%B8%E5%92%96%E5%95%A1%E5%9C%96%E5%8D%97%E9%A4%A8%20%E6%96%97%E5%85%AD%E5%B8%82%E9%9B%B2%E6%9E%97%E8%B7%AF%E4%BA%8C%E6%AE%B516%E5%B7%B714%E8%99%9F,120.5328,23.70648,Central,Active/Open,1185,10,ChIJH5NxTDvIbjQRC5DCz6KVV9I,
C3_376430000A_001786,賓帥活魚湘菜餐廳,今天發現了個超級愛國菜的店！賓帥活魚湘菜餐廳的湘菜味道真的是飢餓必吃的，口感甜美又有足夠的咸味！氣氛也很優雅和舒適，我們來這裡時還是晚上，餐桌燈光Dim Dim，服務員幽音清晰，是個超級高質量的餐廳！ (AI熱情推薦),桃園市325龍潭區中正路三林段616號1樓,886-3-4713375,,,$$$,2867,桃園市,龍潭區,平日10:30~14:00，16:30~20:30，假日10:00~21:00,請參考周邊路邊停車格或收費停車場,Cash,http://travel.tycg.gov.tw/zh-tw/Consume/Detail/1786,https://www.google.com/maps/search/?api=1&query=%E8%B3%93%E5%B8%A5%E6%B4%BB%E9%AD%9A%E6%B9%98%E8%8F%9C%E9%A4%90%E5%BB%B3%20%E6%A1%83%E5%9C%92%E5%B8%82325%E9%BE%8D%E6%BD%AD%E5%8D%80%E4%B8%AD%E6%AD%A3%E8%B7%AF%E4%B8%89%E6%9E%97%E6%AE%B5616%E8%99%9F1%E6%A8%93,121.23665,24.84409,North,Active/Open,554,10,ChIJ6fwljpg9aDQR-r5gLxBtWtQ,
C3_376490000A_001438,虎尾眷村眷味廚房,眷味廚房以手工牛肉麵及充滿眷村風味的美食，成為虎尾建國眷村的必訪餐廳。,雲林縣虎尾鎮73號,886-5-6220985,,,$,311,雲林縣,虎尾鎮,電話預約,請參考周邊路邊停車格或收費停車場,Cash,https://www.facebook.com/huweijianguoculture/,https://www.google.com/maps/search/?api=1&query=%E7%9C%B7%E5%91%B3%E5%BB%9A%E6%88%BF%20%E9%9B%B2%E6%9E%97%E7%B8%A3%E8%99%8E%E5%B0%BE%E9%8E%AE73%E8%99%9F,120.4212,23.71399,Central,Active/Open,27,10,ChIJnfgeyuKxbjQRHWDl9-dMO5s,
C3_395000000A_002231,輝哥本產牛肉爐,環境愜意、湯頭至上。這間傳統火鍋餐廳以深厚的熬湯功力聞名，提供多款豐富的套餐與湯品選擇。招牌涮牛肉湯頭嚴選牛腩大骨、蔬菜與多種水果，並結合獨家藥包熬製 14 小時，打造出濃郁卻不油膩的獨門風味。不論是單點或是精緻套餐，那份回甘鮮甜的滋味，總能讓來訪的饕客口齒留香，是體驗傳統火鍋文化的理想去處。,臺南市717仁德區中山路60號,886-6-2702647,,,$,198,臺南市,歸仁區,週二~週日11:30–14:00、17:00–21:00，週一休息,請參考周邊路邊停車格或收費停車場,Cash,https://www.facebook.com/profile.php?id=100057652862659,https://www.google.com/maps/search/?api=1&query=%E8%BC%9D%E5%93%A5%E6%9C%AC%E7%94%A2%E7%89%9B%E8%82%89%E7%88%90%20%E8%87%BA%E5%8D%97%E5%B8%82717%E4%BB%81%E5%BE%B7%E5%8D%80%E4%B8%AD%E5%B1%B1%E8%B7%AF60%E8%99%9F,120.29222,22.967,South,Active/Open,2684,10,ChIJQ0wEGFlxbjQRMrqj5xNjLYA,
C3_376470000A_000169,松本坊彩頭酥創始店,在現任負責人施政宏的苦心鑽研開發下，本店招牌彩頭酥堅持純手工桿皮、用鹹蘿蔔絲當內餡，加上甜味綠豆沙餡，以半鹹酥中和在一起的特殊口感著稱，近年研發出紅豆、山藥、綠茶、芋頭、松子五種口味。,彰化縣鹿港鎮中山路417號,886-4-7775351,,,$$,886,彰化縣,鹿港鎮,平日10:00-19:00，假日09:00-20:00，電話洽詢,請參考周邊路邊停車格或收費停車場,Cash,https://matsumoto.tw/,https://www.google.com/maps/search/?api=1&query=%E6%9D%BE%E6%9C%AC%E5%9D%8A%E5%BD%A9%E9%A0%AD%E9%85%A5%E5%89%B5%E5%A7%8B%E5%BA%97%20%E5%BD%B0%E5%8C%96%E7%B8%A3%E9%B9%BF%E6%B8%AF%E9%8E%AE%E4%B8%AD%E5%B1%B1%E8%B7%AF417%E8%99%9F,120.430973,24.059065,Central,Active/Open,82,10,ChIJdznBaeNFaTQR3JCYc4v9eUg,
C3_387000000A_004808,石全石美石鍋專賣店,全新的美食享受，精心研發韓式新口味，更符合台灣民眾的味蕾!,臺中市427潭子區興華一路303號,886-4-25333012,,,$$,926,臺中市,潭子區,"11:00–14:00, 17:00–21:00",請參考周邊路邊停車格或收費停車場,Cash,http://www.stonepot.com.tw/,https://www.google.com/maps/search/?api=1&query=%E7%9F%B3%E5%85%A8%E7%9F%B3%E7%BE%8E%E7%9F%B3%E9%8D%8B%E5%B0%88%E8%B3%A3%E5%BA%97%20%E8%87%BA%E4%B8%AD%E5%B8%82427%E6%BD%AD%E5%AD%90%E5%8D%80%E8%88%88%E8%8F%AF%E4%B8%80%E8%B7%AF303%E8%99%9F,120.70349,24.21082,Central,Active/Open,,,ChIJy8KO2HoXaTQRxNeUNOzwDUE,
C3_376480000A_000443,鱒龍風格餐館,主打產地直送、山泉養殖的鱒龍風格餐館，致力於呈現鱘龍魚與虹鱒的極致鮮美。烹調風格簡練而大氣，保留了食材原始的鮮度與彈牙口感。在這裡，餐桌不只是饗宴，更是一場遠離塵囂、與大自然對話的感官體驗。,南投縣鹿谷鄉興產路80之10號,886-492753968,,,$$,290,南投縣,鹿谷鄉,10:00~20:00,請參考周邊路邊停車格或收費停車場,Cash,https://shitou.okgo.tw/shop/11752.html,https://www.google.com/maps/search/?api=1&query=%E9%BE%8D%E5%B1%B1%E9%A4%90%E9%A4%A8%20%E5%8D%97%E6%8A%95%E7%B8%A3%E9%B9%BF%E8%B0%B7%E9%84%89%E4%B8%AD%E6%AD%A3%E8%B7%AF%E4%BA%8C%E6%AE%B5421%E8%99%9F,120.7504998,23.7376577,Central,Active/Open,537,10,ChIJa0vO88XTbjQRXBdPb33SAFc,
C3_376470000A_000220,西門肉圓仔湯,西門肉圓仔湯最好吃的當然就是招牌「肉圓仔湯」（鹹湯圓），外皮類似水晶餃皮，吃起來Q彈有嚼勁，再配一碗魷魚肉羹，真是超級享受！,彰化縣彰化市永興街56號,886-4-7244505,,,$$,850,彰化縣,彰化市,16:10–19:30，週一、二休,請參考周邊路邊停車格或收費停車場,Cash,http://paas.cmoremap.com.tw/pda_1_4_memo_2.php?mid=&t1id=10&ttable=changhua_20120209204809&tid1=5&ttable1=changhua_20120304165537&tid2=81&maid=changhua&ttable2=,https://www.google.com/maps/search/?api=1&query=%E8%A5%BF%E9%96%80%E8%82%89%E5%9C%93%E4%BB%94%E6%B9%AF%20%E5%BD%B0%E5%8C%96%E7%B8%A3%E5%BD%B0%E5%8C%96%E5%B8%82%E6%B0%B8%E8%88%88%E8%A1%9756%E8%99%9F,120.538398,24.078989,Central,Active/Open,246,10,ChIJjQaVtpE4aTQR01Huw9ySVYI,
C3_376560000A_000404,清心飲食店,"清心飲食店，一家坐落於純真樸實漁村的四十幾年""貝殼""老店，伴隨著自然人文風情，足以挑動嚐鮮的忙碌人們深底的靈魂，駛向無盡的歡愉之旅。由於澎湖新鮮的空氣及乾淨的海水，使得生猛海鮮得以不斷供應，也使得店主兼主廚的呂九屏先生(原名""酒瓶""，後由有緣知音老友蔣故總統經國先生更名)，展現純熟又衛生的日式手藝，加上他與其子女之間的默契和服務的精神，完成ㄧ道道美味迷人的佳餚，像限定每人當場只能吃ㄧ尾且不准外帶的炸大蝦；叫人讚不絕口的清蒸石斑魚；令人愛不釋手的龍蝦三吃；夏季盛產的小管數吃；美食饕客必點的生魚片、生蚵仔、生海膽；配上澎湖特產的南瓜炒米粉、清炒ㄌ絲瓜；熱愛快炒燒烤人士不能錯過的烤蝦蛄、烤大蚌、烤雞肉、炒海瓜子及清爽口味的生醋鐘螺、蟳粥等等。也許，您是因碧海藍天、清新空氣或另ㄧ種蕭瑟空靈的美而來到澎湖；也許您是因為壯觀的跨海大橋、通樑大榕樹、古砲台而來到西嶼；",881 澎湖縣西嶼鄉池東村77-2號,886-6-9981128,,,$$$,1658,澎湖縣,西嶼鄉,11:00-14:30; 17:00-19:00,請參考周邊路邊停車格或收費停車場,Cash,https://page.line.me/qor5251q,https://www.google.com/maps/search/?api=1&query=%E6%B8%85%E5%BF%83%E9%A3%B2%E9%A3%9F%E5%BA%97%20881%20%E6%BE%8E%E6%B9%96%E7%B8%A3%E8%A5%BF%E5%B6%BC%E9%84%89%E6%B1%A0%E6%9D%B1%E6%9D%9177-2%E8%99%9F,119.50751,23.60016,Islands,Active/Open,2758,10,ChIJFytPr39ZbDQR3gmLzo05ARE,
C3_382000000A_207485,大胖活海鮮,想在水岸邊尋找高 CP 值的美味？這間環境明亮、設有大型露台的餐廳，供應著令人驚豔的平價海鮮料理。店內特選鮮魚與多樣海產，招牌的瀨尿蝦肉質鮮甜，胡椒鳳螺與鯊魚羹更是饕客點名必吃的經典。最棒的是，坐在露台座位就能將落日美景盡收眼底。鮮甜的海味佐以淡水夕陽，讓這裡成為享受生活平靜的最佳去處。,新北市251淡水區觀海路37-1號(漁人碼頭商店街),886-2-28051178,,,$,357,新北市,淡水區,10:30~23:30 全年無休,請參考周邊路邊停車格或收費停車場,Cash,https://www.facebook.com/fat.sefood/?locale=zh_TW,https://www.google.com/maps/search/?api=1&query=%E5%A4%A7%E8%83%96%E6%B4%BB%E6%B5%B7%E9%AE%AE%20%E6%96%B0%E5%8C%97%E5%B8%82251%E6%B7%A1%E6%B0%B4%E5%8D%80%E8%A7%80%E6%B5%B7%E8%B7%AF37-1%E8%99%9F%28%E6%BC%81%E4%BA%BA%E7%A2%BC%E9%A0%AD%E5%95%86%E5%BA%97%E8%A1%97%29,121.41313,25.18186,North,Active/Open,3389,10,ChIJt42ixTalQjQRONw31pFQIws,
C3_376470000A_000191,石心爌肉飯,石心焢肉飯、土魠魚羹、肉臊飯都相當有名，到伸港時可以去品嚐。,彰化縣伸港鄉中山東路142號,886-4-7985935,,,$$,726,彰化縣,伸港鄉,09:30-14:00，16:00-19:30,請參考周邊路邊停車格或收費停車場,Cash,https://www.facebook.com/pages/%E4%BC%B8%E6%B8%AF-%E7%9F%B3%E5%BF%83%E7%88%8C%E8%82%89%E9%A3%AF/194160483968247,https://www.google.com/maps/search/?api=1&query=%E7%9F%B3%E5%BF%83%20%E5%BD%B0%E5%8C%96%E7%B8%A3%E4%BC%B8%E6%B8%AF%E9%84%89%E4%B8%AD%E5%B1%B1%E6%9D%B1%E8%B7%AF142%E8%99%9F,120.487253,24.147241,Central,Active/Open,490,10,ChIJ52CA_uNAaTQR7NXHw0LeA7U,
C3_376470000A_000202,貓鼠麵,貓鼠麵自日據時代創立，大家一開始都會被「貓鼠麵」的名稱嚇一跳，其實貓鼠麵裡沒有貓肉、鼠肉等奇怪的食材，是源於當初老闆動作俐落如「老鼠仔」，臺語音譯而成為「貓鼠麵」。,彰化縣彰化市陳稜路223號,886-4-7268376,,,$,249,彰化縣,彰化市,09:00-20:30，週四休,請參考周邊路邊停車格或收費停車場,Cash,https://www.facebook.com/p/%E8%B2%93%E9%BC%A0%E9%BA%B5-100057350774168/?locale=zh_TW,https://www.google.com/maps/search/?api=1&query=%E8%B2%93%E9%BC%A0%E9%BA%B5%20%E5%BD%B0%E5%8C%96%E7%B8%A3%E5%BD%B0%E5%8C%96%E5%B8%82%E9%99%B3%E7%A8%9C%E8%B7%AF223%E8%99%9F,120.538891,24.079441,Central,Active/Open,2444,10,ChIJ0_J2h5o4aTQR5eIO1yVk2Hc,
C3_376500000A_000077,竹林樓,山野美味  中埔重現<br/><br/>阿里山不只有日出美景，亦孕育出多種新鮮食材，過去非得上山才能享有，今日山下也能品嘗其美味，因為「竹林樓」就近在中埔。竹林樓第一代老闆，早期在奮起湖經營山產餐廳，因為手藝受到肯定，老闆將屬於山野的美味帶下山，分享給更多人。<br/><br/>,嘉義縣中埔鄉和美村中山路五段452號,886-5-2301001,,,$$,458,嘉義縣,中埔鄉,11:00~21:00,請參考周邊路邊停車格或收費停車場,Cash,https://hoppietw.pixnet.net/blog/posts/10026386207,https://www.google.com/maps/search/?api=1&query=%E7%AB%B9%E6%9E%97%E6%A8%93%20%E5%98%89%E7%BE%A9%E7%B8%A3%E4%B8%AD%E5%9F%94%E9%84%89%E5%92%8C%E7%BE%8E%E6%9D%91%E4%B8%AD%E5%B1%B1%E8%B7%AF%E4%BA%94%E6%AE%B5452%E8%99%9F,120.4633,23.45173,South,Active/Open,610,10,ChIJoZqfm2-UbjQR4bLdgtRZ1BI,
C3_A15010200H_000133,福牡蠣屋【馬公市】,最好的牡蠣，留在澎湖。 台灣人的牡蠣屋，澎湖人的驕傲。我們是老實蚵，牡蠣及各式海鮮料理營業時間 11:00–14:30、17:00–21:00,澎湖縣馬公市中興路73號,886-6-926 2270,,,$$$,2391,澎湖縣,馬公市,Sun 11:00~21:00；Mon 11:00~21:00；Tue 11:00~21:00；Wed 11:00~21:00；Thu 11:00~21:00；Fri 11:00~21:00；Sat 11:00~21:00,請參考周邊路邊停車格或收費停車場,Cash,https://www.facebook.com/p/%E7%A6%8F%E7%89%A1%E8%A0%A3%E5%B1%8B-100057297414638/?locale=zh_TW,https://www.google.com/maps/search/?api=1&query=%E7%A6%8F%E7%89%A1%E8%A0%A3%E5%B1%8B%E3%80%90%E9%A6%AC%E5%85%AC%E5%B8%82%E3%80%91%20%E6%BE%8E%E6%B9%96%E7%B8%A3%E9%A6%AC%E5%85%AC%E5%B8%82%E4%B8%AD%E8%88%88%E8%B7%AF73%E8%99%9F,119.56467,23.56714,Islands,Active/Open,2680,10,ChIJ_f7vEvNabDQRG6aQvKv_bUA,
C3_A15010200H_000026,蒙地卡羅咖啡館【馬公市】,在澎湖堪稱咖啡簡餐館的元老級店家，藏身巷弄，小小的空間內，深褐色的裝潢十分溫暖。,澎湖縣馬公市民生路17-4號,886-6-9267126,,,$$,880,澎湖縣,馬公市,Sun 13:00~23:00；Mon 13:00~23:00；Tue 13:00~23:00；Wed 13:00~23:00；Thu 13:00~23:00；Fri 13:00~23:00；Sat 13:00~23:00,請參考周邊路邊停車格或收費停車場,Cash,http://montecarlo.gogoph.net/,https://www.google.com/maps/search/?api=1&query=%E8%92%99%E5%9C%B0%E5%8D%A1%E7%BE%85%E5%92%96%E5%95%A1%E9%A4%A8%E3%80%90%E9%A6%AC%E5%85%AC%E5%B8%82%E3%80%91%20%E6%BE%8E%E6%B9%96%E7%B8%A3%E9%A6%AC%E5%85%AC%E5%B8%82%E6%B0%91%E7%94%9F%E8%B7%AF17-4%E8%99%9F,119.567,23.56717,Islands,Active/Open,613,10,ChIJMUY99PJabDQRT6mnNNbvong,
C3_395000000A_001064,大鋤花間,「大鋤花間」堪稱是咖啡公路（175公路）文化咖啡的源頭。郭雅聰，一個曾經與文學為伍的人，20年前，由於心底對記憶鄉土的感受，於是離開了原來的出版工作，返回山區墾荒。因為尊重生態，他不破壞山林，以有機的方式，讓咖啡樹與林木共生。因為感受暖暖的人情，即使二度遷移，他也用心經營一個想像中，屬於人性的空間。,臺南市733東山區高原里109-17號,886-6-6864350,,,$$,675,臺南市,東山區,週一~週五10:00~18:00週六、日10:00~21:00，週二休息,請參考周邊路邊停車格或收費停車場,Cash,http://coffeedachu.com/,https://www.google.com/maps/search/?api=1&query=%E5%A4%A7%E9%8B%A4%E8%8A%B1%E9%96%93%20%E8%87%BA%E5%8D%97%E5%B8%82733%E6%9D%B1%E5%B1%B1%E5%8D%80%E9%AB%98%E5%8E%9F%E9%87%8C109-17%E8%99%9F,120.50138,23.28408,South,Active/Open,2755,10,ChIJ6-g_IcKMbjQR9aC9Xl8n9O4,
C3_376490000A_001227,M2精品咖啡館,M2咖啡的意思，取自 Me too 的諧音，M2希望讓前來的消費者感受到相揪來去喝咖啡的意思，無論是香氣十足的咖啡或是可口美味的蛋糕餅乾，在這裡都能讓您心滿意足的品嚐到M2精品咖啡館提供給顧客美好餐點。,雲林縣斗六市中山路119號,886-5-5346083,,,$,270,雲林縣,斗六市,09:00-22:00,請參考周邊路邊停車格或收費停車場,Cash,https://www.facebook.com/m2cafe119/,https://www.google.com/maps/search/?api=1&query=M2%E7%B2%BE%E5%93%81%E5%92%96%E5%95%A1%E9%A4%A8%20%E9%9B%B2%E6%9E%97%E7%B8%A3%E6%96%97%E5%85%AD%E5%B8%82%E4%B8%AD%E5%B1%B1%E8%B7%AF119%E8%99%9F,120.5405,23.7077,Central,Active/Open,308,10,ChIJiV2KRDvIbjQRQtYg3ycZdjE,
C3_376580000A_000132,禾日香古早味魯肉飯,「禾日香魯肉飯」的前身是 3 年前位在武陵路的禾日古早味魯肉飯，也是數十年前位在北門街的阿枝魯肉飯。當年為了多花時間陪伴小孩成長而結束營業，如今為了服務客人念念不忘好滋味的心情再度重新營業。甘醇的滷汁和著入口即化的肉與香Q的米飯，就是這碗看似平凡的魯肉飯，卻讓人回味無窮的魅力所在。,新竹市北區北門里北門街151號,886-3-5229550,,,$,135,新竹市,北區,二~日7:00-14:00、17:00-20:00，週日店休,請參考周邊路邊停車格或收費停車場,Cash,https://www.facebook.com/%E7%A6%BE%E6%97%A5%E9%A6%99-%E9%AD%AF%E8%82%89%E9%A3%AF%E5%B0%88%E9%96%80%E5%BA%97-439450116189275/,https://www.google.com/maps/search/?api=1&query=%E7%A6%BE%E6%97%A5%E9%A6%99%E9%AD%AF%E8%82%89%E9%A3%AF%20%E6%96%B0%E7%AB%B9%E5%B8%82%E5%8C%97%E5%8D%80%E5%8C%97%E9%96%80%E9%87%8C%E5%8C%97%E9%96%80%E8%A1%97151%E8%99%9F,120.965034,24.809284,North,Active/Open,1985,10,ChIJ_Z-fVMc1aDQRT3hEKm0RQH8,
C3_382000000A_207576,枋腳堡大天皇毛蟹城,遠離塵囂，享用美食欣賞美景，位於前往桃源谷路上的枋腳堡大天皇毛蟹城，以山產為主，特別以土雞、鱘龍魚、貴妃魚為招牌菜。農家子弟出生的黃老闆，開業十數載，在中華國際美饌交流協會擔任常務董事，對天然有機農產養殖非常用心經營，擁有自己的土雞養殖場、有機蔬菜農地、原生種絨鰲蟹養殖場，並有養殖鱘龍魚、貴妃魚，所有食材絕不添加抗生素。把食物的原味直接送入口中，加上葉下紅的野菜，養身又健康。,新北市228貢寮區吉林村枋腳街13號,886-2-24942022,,,$$,450,新北市,貢寮區,11:00-19:00週二休(可以電話預約店家會配合時間),請參考周邊路邊停車格或收費停車場,Cash,https://newtaipei.travel/zh-tw/shop/detail/207576,https://www.google.com/maps/search/?api=1&query=%E6%9E%8B%E8%85%B3%E5%A0%A1%E5%A4%A7%E5%A4%A9%E7%9A%87%E6%AF%9B%E8%9F%B9%E5%9F%8E%20%E6%96%B0%E5%8C%97%E5%B8%82228%E8%B2%A2%E5%AF%AE%E5%8D%80%E5%90%89%E6%9E%97%E6%9D%91%E6%9E%8B%E8%85%B3%E8%A1%9713%E8%99%9F,121.88911,25.00157,North,Active/Open,90,10,ChIJwzA4gO9bXTQRfPQT50VBrmQ,
C3_382000000A_207688,歐里人文咖啡,店內招牌味就是知名的深坑豆腐冰淇淋，由顏老師的兒子所開設的知名兜福工廠製作，每天人潮不斷進出買冰淇淋，還有小朋友吃得津津有味的表情，就知道這美味多吸引人，除了豆腐冰淇淋外，顏香鮮奶豆腐腦這一道料理，也很受歡迎，豆腐腦是豆腐加入鹽滷後的模樣，就是豆腐布丁，口感軟軟嫩嫩十分好吃，是新推出的熱門商品。為提供真實、無毒的天然好食物，再將店內手作甜點及餐食的原料升級成P.D.O冷壓初榨橄欖油，品牌名稱由「顏藝德興」正式更名為「歐里姐姐」，門市亦更名為歐里人文咖啡。,新北市222深坑區深坑街48號,886-2-26644525,,,$$,776,新北市,深坑區,平日11:00 - 19:00 / 六日11:00 - 20:00 / 星期一打電話,請參考周邊路邊停車格或收費停車場,Cash,https://newtaipei.travel/zh-tw/shop/detail/207688,https://www.google.com/maps/search/?api=1&query=%E6%AD%90%E9%87%8C%E4%BA%BA%E6%96%87%E5%92%96%E5%95%A1%20%E6%96%B0%E5%8C%97%E5%B8%82222%E6%B7%B1%E5%9D%91%E5%8D%80%E6%B7%B1%E5%9D%91%E8%A1%9748%E8%99%9F,121.61491,25.00172,North,Active/Open,1023,10,ChIJsVAoDsWqQjQR1PgfjvtDPt0,
C3_A15010600H_000045,施家肉圓,"""這間肉圓店的料色不錯，特別是他們的自家製醬汁，味道超級濃郁！服務也很-friendly，不會麻煩你。氛圍又甜美又有趣，適合來坐下享受肉圓的快樂。來這裡一次，你就會瘋狂了!"" (AI熱情推薦)",南投縣545埔里鎮民富路26號,886-9-37781545,,,$$,947,南投縣,埔里鎮,每日09:00-18:00,請參考周邊路邊停車格或收費停車場,Cash,https://www.facebook.com/Pulishih?ref=hl,https://www.google.com/maps/search/?api=1&query=%E6%96%BD%E5%AE%B6%E8%82%89%E5%9C%93%20%E5%8D%97%E6%8A%95%E7%B8%A3545%E5%9F%94%E9%87%8C%E9%8E%AE%E6%B0%91%E5%AF%8C%E8%B7%AF26%E8%99%9F,120.96952,23.962,Central,Active/Open,1309,10,ChIJF0WqkZnZaDQR0E87bvTIC_E,
C3_376600000A_000294,荒廟 TEMPLE,老屋x古著。音樂與貓「嘉義最不切實際的小店。」2017年2月，荒屋在粉專如此介紹自己。一對熱愛音樂與舊衣的情侶，租下閒置多年的木材行，擺滿一屋子「古著」，角落低調陳列獨立樂團CD，屋裡有兩隻貓，黑貓在主人腳邊蹭來蹭去撒嬌，黃貓則高高在上躺在木梯某一階，偶爾打個哈欠！像是說：帝力於我有何哉。大學念服裝設計的凱宏，另有音樂本業，買賣「古著」只是興趣。他特別著迷於80、90年代的台製舊衣，曾遍尋北中南各大跳蚤市場，後來收集太多，不得不開店釋出。他說，當時台灣是全球首要紡織大國之一，許多世界名牌紛紛來台找成衣廠代工，那個年代對版權觀念薄弱，代工廠流出許多同設計同材質的仿品，甚至掛上該品牌相似字母來魚目混珠，那些荒謬logo，如今看來，都是「美麗的錯誤」。在嘉義，古著是小眾市場，獨鍾於台製舊衣的荒屋，更是小眾裡的小眾。圖片來源：嘉義市政府觀光新聞處｜攝影：瑪格,嘉義市西區中正路 681 號,886-9-0977-550130,,,$,205,嘉義市,西區,,請參考周邊路邊停車格或收費停車場,Cash,https://www.instagram.com/temple_____bar/,https://www.google.com/maps/search/?api=1&query=%E8%8D%92%E5%BB%9F%20TEMPLE%20%E5%98%89%E7%BE%A9%E5%B8%82%E8%A5%BF%E5%8D%80%E4%B8%AD%E6%AD%A3%E8%B7%AF%20681%20%E8%99%9F,120.44261,23.47844,South,Active/Open,61,10,ChIJjz1RjC2UbjQRroRsioI72Pc,
C3_376600000A_000233,Bar Door to Dream,杯子比酒還貴，嘉義野貓子酒吧手上的Negroni被譽為全世界最受歡迎的調酒，裝在木村硝子店的BELLO美杯中，在微弱光線下，酒液呈現紅寶石光，令人著迷。調酒師說，用高貴酒杯名器裝雞尾酒，是Bar Door to Dream的特色，內行人一看就懂。開到清晨4點，是目前嘉義市打烊最晚的酒吧，標榜以琴酒為主調，每三個月更換酒單，也供應烈酒、無酒精飲料，另有客製化調酒，可依口感、口味、酒感、香氣、氣泡的不同喜好調配，還有一個最妙的選擇是「把心情點成酒」，直接交給調酒師「處理」，可能會有驚喜。調酒師小豪，以前曾經是國文老師，轉行後從事調飲教學，現在也是老師。吧檯後方有一塊字匾，上面寫著「我要幹嘛？」，有人說是老闆口頭禪，但老闆也有他的官方說法，前往喝酒時可以請他解答。圖片來源：嘉義市政府觀光新聞處｜攝影：瑪格,嘉義市西區蘭井街314號,886-5-2293866,,,$,385,嘉義市,西區,星期日 19:00~04:00；星期一 19:00~04:00；星期二 19:00~04:00；星期三 公休；星期四 19:00~04:00；星期五 19:00~04:00；星期六 19:00~04:00,請參考周邊路邊停車格或收費停車場,Cash,https://www.instagram.com/bar_door_to_dream?igsh=NnhoMHgwd3gxaDd0,https://www.google.com/maps/search/?api=1&query=Bar%20Door%20to%20Dream%20%E5%98%89%E7%BE%A9%E5%B8%82%E8%A5%BF%E5%8D%80%E8%98%AD%E4%BA%95%E8%A1%97314%E8%99%9F,120.44469,23.47706,South,Active/Open,374,10,ChIJy7AY-S2VbjQR-Q5KwkUhHUc,
C3_376490000A_000260,日日興現宰羊肉爐,如果你冷，就來一碗清燉羊肉湯吧。大埤鄉的日日興，除了擁有超高人氣外，更能吃到一整隻羊料理。主打現宰羊肉，湯頭搭配嫩薑去腥，鮮甜的清燉口味，不油不膩十分清爽，天冷時來上一碗，暖心又暖胃！此外，羊油麵線、炒青菜類，也是本店必點搭配餐食。,雲林縣大埤鄉延平路三段590號,886-5-5910442,,,$,280,雲林縣,大埤鄉,10:00-00:00,請參考周邊路邊停車格或收費停車場,Cash,https://eeooa0314.tw/blog/posts/9578129234,https://www.google.com/maps/search/?api=1&query=%E6%97%A5%E6%97%A5%E8%88%88%E7%8F%BE%E5%AE%B0%E7%BE%8A%E8%82%89%E7%88%90%20%E9%9B%B2%E6%9E%97%E7%B8%A3%E5%A4%A7%E5%9F%A4%E9%84%89%E5%BB%B6%E5%B9%B3%E8%B7%AF%E4%B8%89%E6%AE%B5590%E8%99%9F,120.468,23.63196,Central,Active/Open,2915,10,ChIJF-sz-wW5bjQRFlS31ou1vlk,
C3_376560000A_000381,自強餐廳,該餐廳在澎湖為餐飲界招牌老店之一，並榮獲優良餐飲。做的是澎湖最地道最傳統的風味菜。價錢公道、經濟實惠、菜色符合色、香、味俱全、具有健康概念。自強餐廳是澎湖老牌的海鮮台菜餐廳，也是澎湖地區公務機構宴客喜歡光顧的餐廳，和一般澎湖海鮮餐廳最大的差異在於他們的山珍跟海味一樣美味，點餐可以依據實際人數跟經費請老闆配菜，或自己點菜註明大小盤，一桌價格約2000即可豐富又吃得飽撐。,880 澎湖縣馬公市信義路43號,886-6-9270143；886-6-9270512；886-928-,,,$,393,澎湖縣,馬公市,10:30-13:00;16:30-21:00,請參考周邊路邊停車格或收費停車場,Cash,https://gototravel.tw/penghu-tze-chiang-restaurant/,https://www.google.com/maps/search/?api=1&query=%E8%87%AA%E5%BC%B7%E9%A4%90%E5%BB%B3%20880%20%E6%BE%8E%E6%B9%96%E7%B8%A3%E9%A6%AC%E5%85%AC%E5%B8%82%E4%BF%A1%E7%BE%A9%E8%B7%AF43%E8%99%9F,119.56838,23.57237,Islands,Active/Open,,,ChIJzZaC1PFabDQR4L3yOuGO-eM,
C3_376600000A_000180,東園軒餐廳,脆皮炸子雞東園軒餐廳的命名寓含「東區園林茗軒」之意，園內的景觀完全仿造江南園林建築風格，綜合各名園的精華而規劃，希望到此一遊的朋友們，都能感受到賞景、品茗、用餐原來可以那麼的詩情畫意、令人心曠神怡。推薦的「脆皮炸子雞」為粵式炸雞，常見於廣東、香港、澳門的酒樓。不同於一般炸雞將雞放入油鍋中炸熟，而是將已醃漬入味的生雞掛起，再於生雞上不斷澆淋滾油直至雞隻皮脆肉滑。雖然在工序和時間相對較繁瑣，且以油炸的方式烹飪而成，但吃起來卻不覺得油膩，只覺令人吮指回味不已。,嘉義市東區大雅路二段350號,886-5-2719080,,,$$,573,嘉義市,東區,星期日 10:00~21:00；星期一 10:00~21:00；星期二 10:00~21:00；星期三 10:00~21:00；星期四 10:00~21:00；星期五 10:00~21:00；星期六 10:00~21:00,請參考周邊路邊停車格或收費停車場,Cash,https://www.facebook.com/DongXuanYuan/,https://www.google.com/maps/search/?api=1&query=%E6%9D%B1%E5%9C%92%E8%BB%92%E9%A4%90%E5%BB%B3%20%E5%98%89%E7%BE%A9%E5%B8%82%E6%9D%B1%E5%8D%80%E5%A4%A7%E9%9B%85%E8%B7%AF%E4%BA%8C%E6%AE%B5350%E8%99%9F,120.47498,23.47747,South,Active/Open,3388,10,ChIJw_V3nlOUbjQRtIan-bC8xSo,
C3_395000000A_001616,豐海鮮漁府,原「龍鄉海產城」已在將軍區裡，開立十六年，在於今年四月重新規畫保留台菜的料好實在，結合日式的精緻料理，突破以往海產店的思維，也揮別過去台味十足的店名，改為現代化名稱「豐之海鮮漁府」。原店名「龍鄉海產城」早就在本區裡名聲遠播，今年改裝後，還有「食尚玩家」雜誌前來採訪，不時也有許多政商人士前來嚐鮮，是內行人的私房店。改裝後店面大器整潔，設有獨立包廂，及專屬停車場，另有新鮮魚貨的展示區，安心讓您選用。,臺南市725將軍區長沙村146-10號,886-6-7930637,,,$$,433,臺南市,將軍區,週一~週日11:00–14:00、17:00–20:00,請參考周邊路邊停車格或收費停車場,Cash,https://pai0916.pixnet.net/blog/posts/10357911499,https://www.google.com/maps/search/?api=1&query=%E8%B1%90%E6%B5%B7%E9%AE%AE%E6%BC%81%E5%BA%9C%20%E8%87%BA%E5%8D%97%E5%B8%82725%E5%B0%87%E8%BB%8D%E5%8D%80%E9%95%B7%E6%B2%99%E6%9D%91146-10%E8%99%9F,120.10453,23.21329,South,Active/Open,1823,10,ChIJq6qqqvXUbTQRZYIK1_j1mnk,
C3_376470000A_000313,李老城肉脯店,李老城肉脯店是北斗三大名產之一，在北斗已經飄著肉乾香八十餘年。,彰化縣北斗鎮斗苑路1段190號,886-4-8882372,,,$,242,彰化縣,北斗鎮,09:00–21:00,請參考周邊路邊停車格或收費停車場,Cash,https://www.facebook.com/leelaocheng/,https://www.google.com/maps/search/?api=1&query=%E6%9D%8E%E8%80%81%E5%9F%8E%E8%82%89%E8%84%AF%E5%BA%97%20%E5%BD%B0%E5%8C%96%E7%B8%A3%E5%8C%97%E6%96%97%E9%8E%AE%E6%96%97%E8%8B%91%E8%B7%AF1%E6%AE%B5190%E8%99%9F,120.523478,23.872171,Central,Active/Open,470,10,ChIJ583GR6FKaTQRxA64J1HUNu8,
C3_371020000A_000323,阡湖餐廳,在地老饕喜愛的餐館，以在地食材及海鮮為主，因家人從事養殖漁業，所以每天都能提供鮮美的海鮮食材。老闆對魚料理特別在行，例如:油炸鐮齒，這種在地種魚，水分及軟骨膠質很多，有甜味，所以在油炸時要控制溫度，烹煮手腳要快，魚肉多汁軟嫩，是來阡湖必嚐的美食。另外，金門傳統的功夫菜─宴菜，以及以酒糟餵食生產、鹿茸酒滷製的鵪鶉蛋更是一絕，搭配老闆秘製的洛神花茶，保證去油解膩，暢意滿足！,金門縣金城鎮金門城5號之1,886-82-320912,,,$,220,金門縣,金城鎮,暫無資料,請參考周邊路邊停車格或收費停車場,Cash,https://www.facebook.com/p/%E9%98%A1%E6%B9%96%E9%A4%90%E5%BB%B3-100063531202369/,https://www.google.com/maps/search/?api=1&query=%E9%98%A1%E6%B9%96%E9%A4%90%E5%BB%B3%20%E9%87%91%E9%96%80%E7%B8%A3%E9%87%91%E5%9F%8E%E9%8E%AE%E9%87%91%E9%96%80%E5%9F%8E5%E8%99%9F%E4%B9%8B1,118.30851,24.40099,Islands,Active/Open,217,10,ChIJrYw0NPqhFDQR6uH5eTXw278,
C3_395000000A_002285,蠻牛牛肉涮涮鍋,開店至今14餘年，牛肉湯的美味深獲在地人喜愛，每天牛肉湯以牛大骨熬煮之外，另加入五種蔬果慢火熬煮一天，使湯頭更加鮮甜，另外餐點除了新鮮現宰牛肉湯之外，店家老闆推薦在地人必點餐點「牛肉炒飯」，新鮮牛肉搭配上米飯粒粒分明，滿足每個在地人的胃。,臺南市新營區復興路102之1號,886-6-6377361,,,$$$,2005,臺南市,新營區,週一~週日9:00-01:00,請參考周邊路邊停車格或收費停車場,Cash,https://www.twtainan.net/zh-tw/shop/consume/2285/,https://www.google.com/maps/search/?api=1&query=%E8%A0%BB%E7%89%9B%E7%89%9B%E8%82%89%E6%B6%AE%E6%B6%AE%E9%8D%8B%20%E8%87%BA%E5%8D%97%E5%B8%82730%E6%96%B0%E7%87%9F%E5%8D%80%E4%B8%89%E4%BB%99%E9%87%8C%E5%BE%A9%E8%88%88%E8%B7%AF102%E4%B9%8B1%E8%99%9F,120.31069,23.30342,South,Active/Open,37,10,ChIJRWp1S9iFbjQRc52NhGC8oL8,
C3_382000000A_206139,特香齋西餐廳,坐擁近 40 年歷史「特香齋」不僅是新北市第一家高級西餐廳，更是當地的美食指標。這間由知名糕餅店轉型的高雅餐廳，曾在名流雅仕的見證下擦亮金字招牌，並多次榮獲全國餐飲金牌獎肯定。店內主打頂級海鮮與各式排餐，最引以為傲的是耗資百萬的音響設備與優雅氣氛。在這裡，您可以一邊品嚐窖藏葡萄酒，一邊享受由華氏 1800 度專業高溫烤爐鎖住肉汁的軟嫩牛排，或是皮脆肉嫩的招牌德國豬腳，每一口都是跨越時空的經典美味。,新北市220板橋區中山路一段26號2樓,886-2-29590033,,,$$,802,新北市,板橋區,平日 11:00 - 供餐到13:30，可以坐到16:00； 17:00 - 供餐到20:30，可以坐到22：30 / 假日 11:00 - 20:30可以坐到22:30,請參考周邊路邊停車格或收費停車場,Cash,http://www.tscr.com.tw/,https://www.google.com/maps/search/?api=1&query=%E7%89%B9%E9%A6%99%E9%BD%8B%E8%A5%BF%E9%A4%90%E5%BB%B3%20%E6%96%B0%E5%8C%97%E5%B8%82220%E6%9D%BF%E6%A9%8B%E5%8D%80%E4%B8%AD%E5%B1%B1%E8%B7%AF%E4%B8%80%E6%AE%B526%E8%99%9F2%E6%A8%93,121.46039,25.00838,North,Active/Open,,,ChIJ2Qlwhx2oQjQRJ5_cYW7kQ5k,
C3_387000000A_004290,佛羅倫斯義法料理餐廳,位於臺中理想國藝術街巷弄間，有一間重視義大利文化、藝術及美食的義法料理餐廳，直接以「佛羅倫斯」作為餐廳的名字，無非是嚮往其中的飲食與當地文化。,臺中市434龍井區藝術街38巷14號,886-4-26336051,,,$,364,臺中市,龍井區,"11:30–14:30, 17:00–22:00",請參考周邊路邊停車格或收費停車場,Cash,https://www.facebook.com/firenze888/,https://www.google.com/maps/search/?api=1&query=%E4%BD%9B%E7%BE%85%E5%80%AB%E6%96%AF%E7%BE%A9%E6%B3%95%E6%96%99%E7%90%86%E9%A4%90%E5%BB%B3%20%E8%87%BA%E4%B8%AD%E5%B8%82434%E9%BE%8D%E4%BA%95%E5%8D%80%E8%97%9D%E8%A1%93%E8%A1%9738%E5%B7%B714%E8%99%9F,120.59428,24.18813,Central,Active/Open,834,10,ChIJibbXhowVaTQRt19a9Kr4CUk,
C3_376600000A_000011,真北平餐廳,創業於民國五十二年的「真北平餐廳」，是嘉義享譽全國的北方佳餚指標。走進裝潢素雅的空間，迎接您的是傳承超過一甲子的職人精神。餐廳早期便以名揚全國的北平烤鴨奠定基石，如今更將經營版圖擴展至經典火鍋與手工餃類**。我們在守護傳統北方風味的同時，不斷注入創意，堅持讓每位賓客都能在優雅的環境中，吃得開心更吃得健康，是老饕造訪嘉義時絕不可錯過的優質首選。,嘉義市東區吳鳳南路405號,886-5-2286659,,,$,198,嘉義市,東區,,請參考周邊路邊停車格或收費停車場,Cash,http://cpp.taipei/,https://www.google.com/maps/search/?api=1&query=%E7%9C%9F%E5%8C%97%E5%B9%B3%E9%A4%90%E5%BB%B3%20%E5%98%89%E7%BE%A9%E5%B8%82%E6%9D%B1%E5%8D%80%E5%90%B3%E9%B3%B3%E5%8D%97%E8%B7%AF405%E8%99%9F,120.45596,23.46337,South,,,,ChIJz_s4rJ6pQjQR6rNclhlf3JU,
C3_376430000A_001941,天水海鮮館(原北海岸),2016海客之都認證餐廳推薦菜色：東方冰鎮美人魚、五味中卷自小在阿婆、母親的耳濡目染下，原北海岸第三代經營者黃老闆，對餐飲有著很深厚的情感，並立下長大要當廚師的願望。在逐夢的過程中，他決定學歷和經歷並行，於是填上餐飲科系進修，透過學術的磨練和實務的經驗，幾年下來，參與許多大大小小的比賽，曾於許多知名餐廳服務，但在家中亟需人手的情況下，毅然回到家鄉努力。 賦予老菜色新的生命力有鑑於一般海產店常見的菜色，黃老闆做了相當的修正，他將過去的所學揉合阿婆的味道、媽媽的味道，以貼近顧客的心再研發。使用自己獨特燒製的醬料烹煮的招牌糖醋魚是一絕，黃老闆透露，這道菜最畫龍點睛的地方在於，起鍋時要加入一點酸醋，這是很道地客家菜方法，此舉使一些較不敢吃海鮮的小朋友，常被這股酸甜味所吸引，好吃又開胃。黃老闆表示，舉凡桂花爆炒沙母、空心菜炒XO干貝醬、椒鹽蝦、清蒸石斑等都是他的的拿手好菜，歡迎大...,桃園市327新屋區中山西路三段1165號A13、A18(永安漁港觀光漁市熟食區),886-9-19972932,,,$,310,桃園市,新屋區,09:00~20:00 (每個月第二、第四個星期一公休),請參考周邊路邊停車格或收費停車場,Cash,https://travel.tycg.gov.tw/zh-tw/consume/detail/1941,https://www.google.com/maps/search/?api=1&query=%E5%A4%A9%E6%B0%B4%E6%B5%B7%E9%AE%AE%E9%A4%A8%28%E5%8E%9F%E5%8C%97%E6%B5%B7%E5%B2%B8%29%20%E6%A1%83%E5%9C%92%E5%B8%82327%E6%96%B0%E5%B1%8B%E5%8D%80%E4%B8%AD%E5%B1%B1%E8%A5%BF%E8%B7%AF%E4%B8%89%E6%AE%B51165%E8%99%9FA13%E3%80%81A18%28%E6%B0%B8%E5%AE%89%E6%BC%81%E6%B8%AF%E8%A7%80%E5%85%89%E6%BC%81%E5%B8%82%E7%86%9F%E9%A3%9F%E5%8D%80%29,121.01579,24.98772,North,Active/Open,126,10,ChIJAe4kP_QuaDQRKXvg9VlSCQQ,
C3_382000000A_208032,浙寧嘉園餐廳,老闆對道地浙寧佳餚有30餘年料理經驗，手藝扎實，做出來的料理是色香味俱全，令人回味。,新北市252三芝區中正路一段70號,886-2-26363131,,,$,368,新北市,三芝區,週一至週日11:00~14:00 17:00~21:00(週一，週二公休),請參考周邊路邊停車格或收費停車場,Cash,https://newtaipei.travel/zh-tw/shop/detail/208032,https://www.google.com/maps/search/?api=1&query=%E6%B5%99%E5%AF%A7%E5%98%89%E5%9C%92%E9%A4%90%E5%BB%B3%20%E6%96%B0%E5%8C%97%E5%B8%82252%E4%B8%89%E8%8A%9D%E5%8D%80%E4%B8%AD%E6%AD%A3%E8%B7%AF%E4%B8%80%E6%AE%B570%E8%99%9F,121.50397,25.25784,North,Active/Open,149,10,ChIJQTw03s22QjQRh_4YdXQ5g8M,
C3_376430000A_000327,郭鵝肉海產店,2016海客之都認證餐廳推薦菜色：鮮魚米粉鍋、招牌客家土鵝肉、水煮牛資料來源: 桃園客家事務局出版《海客之都》 自小在漁村長大的郭老闆，由於父執輩都是討海人，耳濡目染下習得一身挑選漁獲的好眼力。加上新屋地區以鵝肉盛名，讓那年剛退伍的他，一心想往餐飲業摸索，轉眼間已經過了27個年頭。而郭鵝肉海產店也在他與老闆娘的虔心帶領下，成為新屋地區必吃的老店之一，許多公司聚會、家庭聚餐，或是婚宴都在此留下美好的足跡。 新鮮道地的創意美食如同店名一般，鵝肉和海產是最大的特色與招牌菜色。老闆娘表示，店裡最受歡迎的是永安漁港現撈魚，會推薦清蒸或是乾煎，其中以客式清蒸魚最為津津樂道，無論是哪一種魚種，放入特調的蠔油、蔭樹子、薑絲，放入蒸籠蒸熟即可上桌，強調簡單的料理讓顧客品嘗到原汁原味的鮮甜口感。其他還有鮮魚米粉鍋、招牌鵝肉、水煮牛、阿嬤口味的客家朴菜筍干控肉、薑絲炒大腸、梅干扣肉等，都是店...,桃園市327新屋區永安村中山西路三段960號,886-3-4861612,,,$,161,桃園市,新屋區,10：00~14：00、17：00~20：00、週日10：00~20：00,20格,Cash,https://www.facebook.com/p/%E9%83%AD%E9%B5%9D%E8%82%89%E6%B5%B7%E7%94%A2-30%E5%B9%B4-%E5%89%B5%E5%A7%8B%E5%BA%97-100063820547777/?locale=zh_TW,https://www.google.com/maps/search/?api=1&query=%E9%83%AD%E9%B5%9D%E8%82%89%E6%B5%B7%E7%94%A2%E5%BA%97%20%E6%A1%83%E5%9C%92%E5%B8%82327%E6%96%B0%E5%B1%8B%E5%8D%80%E6%B0%B8%E5%AE%89%E6%9D%91%E4%B8%AD%E5%B1%B1%E8%A5%BF%E8%B7%AF%E4%B8%89%E6%AE%B5960%E8%99%9F,121.0222,24.9879,North,Active/Open,3211,10,ChIJB-ItAPouaDQRaMemhg0exQY,
C3_382000000A_206117,泰味廚房,提起板橋的平價泰國菜，位於民生路二段的泰味廚房可說是當地老饕們的最愛，南洋風情與巧思妙藝，在餐廳裡除了一般常見的泰國美食，還有難得一見的南洋料理，用餐、宴客都能嚐出主廚的用心。通常消費者耳熟能詳的泰國菜，以椒麻雞、月亮蝦餅、蝦醬空心菜、涼拌海鮮、咖哩飯…等菜色最常見到，由於泰國與滇、緬接鄰，飲食習慣接近，這類型菜色在滇緬餐館也都能發現。不過，泰味廚房的泰式料理則更有南洋風，酸、辣的配料搭得極好，其中椒麻雞、香蘭葉包雞、泰北辣拌豬肉、泰式炒河粉都是這裡的招牌菜，來此必點必嚐。,新北市220板橋區中山路二段42號,886-2-29622230,,,$,207,新北市,板橋區,"11:00~14:30,( 六、日 午餐延長至15:00 休息 )17:00~21:30",請參考周邊路邊停車格或收費停車場,Cash,https://f1250879.wixsite.com/andythai,https://www.google.com/maps/search/?api=1&query=%E6%B3%B0%E5%91%B3%E5%BB%9A%E6%88%BF%20%E6%96%B0%E5%8C%97%E5%B8%82220%E6%9D%BF%E6%A9%8B%E5%8D%80%E4%B8%AD%E5%B1%B1%E8%B7%AF%E4%BA%8C%E6%AE%B542%E8%99%9F,121.47304,25.01523,North,Active/Open,,,ChIJyQkboCapQjQRx2CeqkSfCGA,
C3_376500000A_000039,溪口古早味豬血湯,位在溪口鄉忠孝街上的溪口古早味豬血湯，是溪口鄉內傳承超過一甲子的懷舊美食，這個攤子原是由鄭芙蓉女士與丈夫一起經營，因為風味濃郁、用料豐富實在，所以即使原本只是在路旁以一台攤車經營，也歷經數十年成為溪口在地人日常生活中的好味道。<br/>為了讓這樣的好味道繼續傳遞，鄭芙蓉夫婦在退休前將攤子交棒給弟弟和弟媳經營，目前負責掌廚的弟媳吳瓊惠女士也維持往昔的方式，讓這屬於溪口古早味的小吃繼續滋養眾多饕客的味蕾。<br/>,嘉義縣溪口鄉忠孝街106號,886-5-2693007,,,$$,489,嘉義縣,溪口鄉,每日下午2點至6點，每週一公休,請參考周邊路邊停車格或收費停車場,Cash,https://fruitlovelife.com/post-f1111012/,https://www.google.com/maps/search/?api=1&query=%E6%BA%AA%E5%8F%A3%E5%8F%A4%E6%97%A9%E5%91%B3%E8%B1%AC%E8%A1%80%E6%B9%AF%20%E5%98%89%E7%BE%A9%E7%B8%A3%E6%BA%AA%E5%8F%A3%E9%84%89%E5%BF%A0%E5%AD%9D%E8%A1%97106%E8%99%9F,120.3974,23.60573,South,Active/Open,668,10,ChIJT_IXDme8bjQRv8-T2bMC7bY,
C3_376500000A_000086,民雄椪皮麵,豬皮與麵條的親密對話<br/><br/>民雄鄉「傳統碰皮麵」歷經四十多年寒暑，所謂「碰皮」的做法是傳承老闆父親年代，將豬皮油炸過以取代肉燥，爽口不油膩並多了香Ｑ彈牙的好口感。許老闆從配料到貢丸都堅持手工製作，手工貢丸鮮嫩多汁，將豬後腿肉精華包覆其中，沾上自製油蔥、醬油調配而成的滷汁，忍不住大口咬下！湯頭則以豬大骨燉煮，每滴濃郁的湯汁彷彿含著一整隻豬的精華！,嘉義縣民雄鄉民權路2之13號,886-5-2268455,,,$,136,嘉義縣,民雄鄉,早上06:00~晚上07:00每週一、二公休,請參考周邊路邊停車格或收費停車場,Cash,https://supertaste.tvbs.com.tw/food/349882,https://www.google.com/maps/search/?api=1&query=%E5%82%B3%E7%B5%B1%E7%A2%B0%E7%9A%AE%E9%BA%B5%EF%BC%88%E5%82%B3%E7%B5%B1%E6%A4%AA%E7%9A%AE%E9%BA%B5%EF%BC%89%20%E5%98%89%E7%BE%A9%E7%B8%A3%E6%B0%91%E9%9B%84%E9%84%89%E6%B0%91%E6%AC%8A%E8%B7%AF2-11%E8%99%9F,120.4307,23.55831,South,Active/Open,830,10,ChIJ2WlLp969bjQRJqZtQ_M4McA,
C3_395000000A_001060,阿輝炒鱔魚,鱔魚意麵是台南特有名產。大火快炒後鱔魚的清脆爽口，加上台南的名產--意麵，以特別製作的精中寬麵條，經油炸處理製成再搭配獨特酸甜配料，烈火轟炒，轉眼間熱騰騰鱔魚意麵挑人食慾。,臺南市704北區公園路864號,886-6-2824606,,,$$$,1644,臺南市,北區,週一~週日15:00~00:00,請參考周邊路邊停車格或收費停車場,Cash,https://lifeintainan.com/hsu-eelnoodles/,https://www.google.com/maps/search/?api=1&query=%E9%98%BF%E8%BC%9D%E7%82%92%E9%B1%94%E9%AD%9A%20%E8%87%BA%E5%8D%97%E5%B8%82704%E5%8C%97%E5%8D%80%E5%85%AC%E5%9C%92%E8%B7%AF864%E8%99%9F,120.21259,23.01395,South,,,,ChIJr52tQGF2bjQR6s6o9VFFRsE,
C3_387000000A_004058,串串-串燒 kusu kusu-kushi yaki,不一定合您口味 卻絕對忠於原味 別人有的大都沒賣 我們賣的別人少有 若有雷同 定也不盡相同 串串平價日式串燒、居酒屋 日式原味 / 屋台價位。(資料來自 串串-串燒 官網),臺中市420豐原區源豐路67號,886-4-25269528,,,$,113,臺中市,豐原區,週二 - 週四: 17:00 - 23:00 週五 - 週六: 17:00 - 0:00 週日: 17:00 - 23:00,請參考周邊路邊停車格或收費停車場,Cash,http://www.facebook.com/kusukusukushiyaki,https://www.google.com/maps/search/?api=1&query=%E4%B8%B2%E4%B8%B2-%E4%B8%B2%E7%87%92%20kusu%20kusu-kushi%20yaki%20%E8%87%BA%E4%B8%AD%E5%B8%82420%E8%B1%90%E5%8E%9F%E5%8D%80%E6%BA%90%E8%B1%90%E8%B7%AF67%E8%99%9F,120.71591,24.25277,Central,Active/Open,645,10,ChIJNSDZuwYaaTQRI6aKrmy2s9o,
C3_395000000A_002029,石家正阿美綠豆湯 西門店,這間充滿溫情的家庭經營小店，便是府城最早建立品牌的「阿美綠豆湯」。自民國五十四年創業以來，憑藉著傳承數十年的傳統甜湯聞名全台。這裡的綠豆湯與眾不同，濃郁香醇的湯頭搭配「久煮不爛、帶殼且入味」的綠豆，入口即化卻仍具層次。最令人驚艷的是加入自家製作、Ｑ彈有勁的番薯粉角**，與香甜綠豆交織出豐富的咬勁。在炎炎夏日來上一碗，不僅消暑解熱，更能品嚐到最純粹的職人堅持。,臺南市中西區西門路二段395號,886-6-2221851,,,$$,410,臺南市,北區,週二~週日09:30–21:30，週一休息,請參考周邊路邊停車格或收費停車場,Cash,https://www.facebook.com/pages/%E7%9F%B3%E5%AE%B6%E6%AD%A3%E9%98%BF%E7%BE%8E%E7%B6%A0%E8%B1%86%E6%B9%AF/209439165762052,https://www.google.com/maps/search/?api=1&query=%E7%9F%B3%E5%AE%B6%E6%AD%A3%E9%98%BF%E7%BE%8E%E7%B6%A0%E8%B1%86%E6%B9%AF%20%E8%87%BA%E5%8D%97%E5%B8%82704%E5%8C%97%E5%8D%80%E8%A5%BF%E9%96%80%E8%B7%AF%E4%B8%89%E6%AE%B564%E8%99%9F,120.20234,23.00089,South,Active/Open,902,10,ChIJXfrCYmB2bjQRrUGnIA2ErbE,
C3_376490000A_000820,巧蕃古早味粉圓,古坑私宅咖啡配炒糖香粉圓台洋新派結合，古樸裝潢的店家將自宅烘焙咖啡加入粉圓當中，讓甜湯有了創意吃法，不僅吃得到軟透琥珀色粉圓，更可以品嚐糖香與咖啡的迷人香氣，或加牛奶變成香醇粉圓拿鐵！,古坑鄉永光村光興路(加油站旁),886-5-5828117,,,$$$,2204,雲林縣,古坑鄉,09:00-19:00,請參考周邊路邊停車格或收費停車場,Cash,https://niniandblue.com/blog/post/chiao-fan,https://www.google.com/maps/search/?api=1&query=%E5%B7%A7%E8%95%83%E5%8F%A4%E6%97%A9%E5%91%B3%E7%B2%89%E5%9C%93%20%E5%8F%A4%E5%9D%91%E9%84%89%E6%B0%B8%E5%85%89%E6%9D%91%E5%85%89%E8%88%88%E8%B7%AF%28%E5%8A%A0%E6%B2%B9%E7%AB%99%E6%97%81%29,120.5493,23.62711,Central,Active/Open,268,10,ChIJq6qqqh_HbjQRqHWcZp1uqlo,
C3_376540000A_000400,大巴六九景觀餐廳,大巴六九（Tamalakau）是卑南族語勇士的意思，位於台東縣卑南鄉海拔600公尺高處的「大巴六九藥用植物園區」，擁有三甲多的山林地，包括有一甲多的藥用植物區/野菜區種植上百種生機蔬果及藥草，以及擁有絕美視野的「大巴六九景觀餐廳」。佇立在園區內的觀景平台，可將遼闊的美景收進眼底，從腳下展開的花草綠樹到的遠方台東市平原、太平洋海岸，遼闊的視野讓人得以很快的放鬆下來，彷彿身至於世外桃源，深深吸一口氣，緩緩地讓身體與大地連結，找到心靈的平靜。「大巴六九景觀餐廳」以自種的蔬菜為主，讓客人自行取菜、汆燙，另提供多款養身熱湯如雷公茶飲雞湯、五行湯等，還有月桂葉蒸飯、水果、甜湯等。竭誠歡迎大家上山來享用乾淨、自然、健康、美味的餐飲，同時欣賞台東的美景，滋養您的身心。「大巴六九藥景觀餐廳」採預約制，除用餐時間，其他時間不開放參觀，敬請見諒。,臺東縣954卑南鄉泰安村19鄰543-8號,886-8-9380341,,,$,177,臺東縣,卑南鄉,星期一休息星期二休息星期三休息星期四休息星期五17:30–20:30星期六17:30–20:30星期日17:30–20:30,請參考周邊路邊停車格或收費停車場,Cash,http://da869.weebly.com/,https://www.google.com/maps/search/?api=1&query=%E5%A4%A7%E5%B7%B4%E5%85%AD%E4%B9%9D%E6%99%AF%E8%A7%80%E9%A4%90%E5%BB%B3%20%E8%87%BA%E6%9D%B1%E7%B8%A3954%E5%8D%91%E5%8D%97%E9%84%89%E6%B3%B0%E5%AE%89%E6%9D%9119%E9%84%B0543-8%E8%99%9F,121.0499,22.80826,East,Active/Open,,,ChIJHxOgsMuwbzQRNBlk38IhLTk,
C3_395000000A_001077,台南小南碗粿,小南的碗粿像布丁一樣很有彈性，搖起來會晃動，內容料好又實在，醬料也不會太鹹，浮水虱目魚粳也很美味，粳肉比一般店家做的還要Q軟，店面雖小，但整理得乾淨整潔，前陳總統時還曾被邀請參加國宴，目前沒做批發，但有宅配服務。,臺南市700中西區府前路二段140號,886-6-2243136,,,$$$,2072,臺南市,中西區,週一~週日09:30–16:00，週三休息,請參考周邊路邊停車格或收費停車場,Cash,https://www.facebook.com/tainanshiaunanwanguo/,https://www.google.com/maps/search/?api=1&query=%E5%8F%B0%E5%8D%97%E5%B0%8F%E5%8D%97%E7%A2%97%E7%B2%BF%20%E8%87%BA%E5%8D%97%E5%B8%82700%E4%B8%AD%E8%A5%BF%E5%8D%80%E5%BA%9C%E5%89%8D%E8%B7%AF%E4%BA%8C%E6%AE%B5140%E8%99%9F,120.19453,22.99129,South,,,,ChIJjxYRvXp2bjQRMYkw9M4MhhA,
C3_376430000A_000112,八方園客家餐館,坐落於蓊鬱綠意中的「八方園」，是一間由復古三合院老房子打造而成的休閒餐廳，更被譽為桃園地區首屈一指的客家菜料理達人。在這裡，您可以在古色古香的庭院或戶外用餐區，品嚐道地且令人聞香下馬的經典客家菜，更有無限供應的懷舊番薯飯。飽餐後，移步至景觀平台，伴隨草香啜飲一杯濃茶或咖啡，在懷舊的建築氛圍中享受悠閒的午後時光，宛如置身美食的人間仙境。,桃園市326楊梅區校前路580號,886-3-4784735,,,$,259,桃園市,楊梅區,平日11:00~14:00、16:30~20:30。假日11:00~14:30、16:30~20:30。週一公休,附停車場,Cash,https://www.facebook.com/bafung8,https://www.google.com/maps/search/?api=1&query=%E5%85%AB%E6%96%B9%E5%9C%92%E5%AE%A2%E5%AE%B6%E9%A4%90%E9%A4%A8%20%E6%A1%83%E5%9C%92%E5%B8%82326%E6%A5%8A%E6%A2%85%E5%8D%80%E6%A0%A1%E5%89%8D%E8%B7%AF580%E8%99%9F,121.14673,24.89442,North,Active/Open,,,ChIJ27u5SkA7aDQRNZ-Rs8hmPuY,
C3_A15010100H_000210,翔記餐廳,翔記老闆林義森來綠島經營已有16年之久，從處理鹿肉開始做起，人稱「鹿肉林」，對研發菜餚頗為在行，具備外燴辦桌的本領。手工拉麵是一大特色，不添加色素與防腐劑， 客人可以看到手工製麵的過程。,臺東縣951綠島鄉南寮村191-1號,886-8-9672021,,,$$$,1753,臺東縣,綠島鄉,無,請參考周邊路邊停車格或收費停車場,Cash,https://www.facebook.com/p/%E7%B6%A0%E5%B3%B6%E7%BF%94%E8%A8%98-100063836811264/,https://www.google.com/maps/search/?api=1&query=%E7%BF%94%E8%A8%98%E9%A4%90%E5%BB%B3%20%E8%87%BA%E6%9D%B1%E7%B8%A3951%E7%B6%A0%E5%B3%B6%E9%84%89%E5%8D%97%E5%AF%AE%E6%9D%91191-1%E8%99%9F,121.47159,22.66482,East,Active/Open,236,10,ChIJnQR92wuNbzQRtaxcKwFxY9E,
C3_382000000A_208427,樂山莊,位於新店烏來風景區，店內推薦特色美食為大閘蟹、鱒魚、苦花與鱘龍魚等，另外也有供應土雞、山上的山產及野菜還有許多美味的料理。,新北市233烏來區福山里屯鹿71號(約14.5k處),"886-2-26616278,886226617168",,,$$,669,新北市,烏來區,11:00 - 17:00或18:00 營業到沒有客人,請參考周邊路邊停車格或收費停車場,Cash,https://www.facebook.com/Levillacaviar/?locale=zh_TW,https://www.google.com/maps/search/?api=1&query=%E6%A8%82%E5%B1%B1%E8%8E%8A%20%E6%96%B0%E5%8C%97%E5%B8%82233%E7%83%8F%E4%BE%86%E5%8D%80%E7%A6%8F%E5%B1%B1%E9%87%8C%E5%B1%AF%E9%B9%BF71%E8%99%9F%28%E7%B4%8414.5k%E8%99%95%29,121.49248,24.79186,North,Active/Open,213,10,ChIJT_ul4I8OaDQRBZv6j30nZos,
C3_382000000A_206113,旺角迷你石頭火鍋,人氣強強滾的旺角食頭火鍋，是三重火鍋界的指標名店之一，沒有事先定位就很難吃到的盛況更是每天上演，在門外排上一、兩個小時也是常有的事，即使是夏天，旺角食頭火鍋依然天天爆滿，因此店家在幾年前從原本的舊址移至現在天台戲院對面的店面。相較於隨處可見的日式涮涮鍋，石頭火鍋的特色是在加入高湯前多了「炒」的動作，也稱作「炒肉式起鍋」，將肉片加入一碟由多種配料製成的炒料，包括洋蔥、蒜頭及麻油等先進行爆香，條味的黃金比例正是美味的來源，炒的時後服務人員細心地立起鍋圍，濃濃的香味竄鼻，快炒至月5分熟後撈起再放入高湯中煮，這道多出來的手續便是傳統石頭火鍋的特色，也是迷人之處。,新北市241三重區正義南路2-1號,886-2-29747815,,,$$$,1037,新北市,三重區,11:30 ~ 23:30 (過年休除夕~初二),請參考周邊路邊停車格或收費停車場,Cash,https://zh-cn.facebook.com/pages/%E6%97%BA%E8%A7%92%E8%BF%B7%E4%BD%A0%E7%9F%B3%E9%A0%AD%E7%81%AB%E9%8D%8B/121118437962115,https://www.google.com/maps/search/?api=1&query=%E6%97%BA%E8%A7%92%E8%BF%B7%E4%BD%A0%E7%9F%B3%E9%A0%AD%E7%81%AB%E9%8D%8B%20%E6%96%B0%E5%8C%97%E5%B8%82241%E4%B8%89%E9%87%8D%E5%8D%80%E6%AD%A3%E7%BE%A9%E5%8D%97%E8%B7%AF2-1%E8%99%9F,121.49805,25.06199,North,Active/Open,,,ChIJMfFqIRmpQjQRX_fa2gCh7jg,
C3_376580000A_000086,阿富魯肉飯,阿富魯肉飯位於城隍廟口附近，魯肉飯的魯肉經過老闆精心的煮法，聞起來格外的香，且魯肉肥瘦剛好，入口即化，讓人忍不住多吃幾碗，配上一碗貢丸湯更是一大享受。,新竹市北區中山路75號,886-3-5254305,,,$,279,新竹市,北區,一~日11:00~2:00,請參考周邊路邊停車格或收費停車場,Cash,https://sunnypoen101.pixnet.net/blog/posts/10349264216,https://www.google.com/maps/search/?api=1&query=%E9%98%BF%E5%AF%8C%E9%AD%AF%E8%82%89%E9%A3%AF%20%E6%96%B0%E7%AB%B9%E5%B8%82%E5%8C%97%E5%8D%80%E4%B8%AD%E5%B1%B1%E8%B7%AF75%E8%99%9F,120.96565,24.80456,North,Active/Open,712,10,ChIJDZA-GsA1aDQRoRLAeoxdAVM,
C3_376580000A_000013,漁香甜不辣,本店販賣魚餅、魚條、魚棗、魚丸。魚餅是由新鮮魚漿加入新鮮洋蔥製作。魚條則是以豬肉加少許胡椒提味。魚棗是以魚漿加入大量雞蛋打發而成的。魚丸則是最古老最傳統的製作方式加入芹菜與油蔥酥，本店每一種食材都是每天新鮮製作。,新竹市北區中央路77號,886-3-5238843,,,$,333,新竹市,北區,一~日10:00~21:00,請參考周邊路邊停車格或收費停車場,Cash,https://www.facebook.com/YuHsiang.Hsinchu/?locale=zh_TW,https://www.google.com/maps/search/?api=1&query=%E6%BC%81%E9%A6%99%E7%94%9C%E4%B8%8D%E8%BE%A3%20%E6%96%B0%E7%AB%B9%E5%B8%82%E5%8C%97%E5%8D%80%E4%B8%AD%E5%A4%AE%E8%B7%AF77%E8%99%9F,120.968263,24.805442,North,Active/Open,546,10,ChIJ_R-zr8E1aDQRAp0aqUw66sg,
C3_376580000A_000035,榮記客家湯圓-武昌店,從一間僅有 3 至 4 坪的小店起家，這間簡樸餐廳的誕生，源於老闆娘身為客家人，想在新竹品嚐一口「道地家鄉味」的純粹初心。店內主打各式客家在地料理，從暖心的湯品、紮實的麵食到精緻肉類料理應有盡有，其中最具代表性的莫過於那碗承載夢想的客家湯圓。隨著口碑遠播，為了讓老饕們免去市區停車之苦，更在南大路開設分店，持續將這份道地的客家美食發揚光大。,新竹市東區武昌街64號,886-3-5238238,,,$,303,新竹市,東區,一~日8:00~22:00,請參考周邊路邊停車格或收費停車場,Cash,https://vivawei.tw/rongji-tang-yuan-2025/,https://www.google.com/maps/search/?api=1&query=%E6%A6%AE%E8%A8%98%E5%AE%A2%E5%AE%B6%E6%B9%AF%E5%9C%93-%E6%AD%A6%E6%98%8C%E5%BA%97%20%E6%96%B0%E7%AB%B9%E5%B8%82%E6%9D%B1%E5%8D%80%E6%AD%A6%E6%98%8C%E8%A1%9764%E8%99%9F,120.96786,24.80219,North,Active/Open,3987,10,ChIJ0ajpYOo1aDQRFvj0fx5fkgI,
C3_371020000A_000359,成功鍋貼館,創立於1963年的成功鍋貼，由第一代陳允南老師傅創立，現在已傳到第二代了，店內以香噴噴的蛋汁鍋貼最為超人氣，皮Ｑ餡豐富，起鍋前淋下蛋汁，一口咬下，吃出手工麵皮的層次與彈性，加上熟透的內餡，汁鮮甜入口，雖是燙了舌頭亦是義無反顧地吞下。館內除了招牌鍋貼外，還有許多融合山東口味的大菜，也是食客不可錯過的，鮮嫩味美、份量十足，可謂道道好滋味；真是好吃到沒話說呢！,金門縣金湖鎮成功村99號之4,886-82-333979,,,$$,849,金門縣,金湖鎮,11:00 ~ 19:30,請參考周邊路邊停車格或收費停車場,Cash,https://m.facebook.com/%E6%88%90%E5%8A%9F%E9%8D%8B%E8%B2%BC-898277226859643/,https://www.google.com/maps/search/?api=1&query=%E6%88%90%E5%8A%9F%E9%8D%8B%E8%B2%BC%E9%A4%A8%20%E9%87%91%E9%96%80%E7%B8%A3%E9%87%91%E6%B9%96%E9%8E%AE%E6%88%90%E5%8A%9F%E6%9D%9199%E8%99%9F%E4%B9%8B4,118.39004,24.43944,Islands,Active/Open,1579,10,ChIJJbaHfX6jFDQRzIT3eSGSi6Q,
C3_376550000A_000227,紐約客牛排館,歡迎您蒞臨紐約客牛排館，在花蓮市區鬧中取靜的環境中，享用我們精心為您準備的精緻美食，我們堅持採用上等牛、羊肉及在地新鮮蔬果，搭配特調醬汁展現出牛排的美味，更以平實的價格嘉惠回報老主顧的愛護，走一趟紐約客，你一定能感受到我們的用心與堅持，紐約客期待您的蒞臨。紐約客牛排館餐點下載:(1) 紐約客牛排系列菜單.pdf (2) 紐約客牛排系列菜單.doc特殊節日菜單到場或來電洽詢(父親節、母親節、情人節、聖誕節、春節)提供專屬兩大停車空間地址:花蓮市林森路122號garminGPS:N23 58.644 E121 35.974電話:03-8360928,花蓮縣花蓮市林森路122號,886-3-8360928,,,,,花蓮縣,花蓮市,早上11:00～晚上21:00有下午茶,有兩個停車場,Cash,https://newyorkersteak.com/,https://www.google.com/maps/search/?api=1&query=%E7%B4%90%E7%B4%84%E5%AE%A2%E7%89%9B%E6%8E%92%E9%A4%A8%20%E8%8A%B1%E8%93%AE%E7%B8%A3%E8%8A%B1%E8%93%AE%E5%B8%82%E6%9E%97%E6%A3%AE%E8%B7%AF122%E8%99%9F,121.59958,23.9776,East,,,,ChIJbdsTAZafaDQRuHp0f2i5-zA,
C3_376560000A_000720,多那之咖啡蛋糕烘焙-澎湖馬公,多那之第一間蛋糕烘焙門市創立於1989年，坐落於北高雄的左營:有鑒於市場的趨勢變化，從傳統轉型現代化的經營，於2006年10月轉新形態復合式咖啡，以穩健紮實的腳步陸續展店，至今已有40幾間門市遍及北中南、台東、澎湖等地區，並陸續開放加盟中...,880 澎湖縣馬公市中正路12號,886-6-9277009,,,$$,795,澎湖縣,馬公市,07:00-23:30,請參考周邊路邊停車格或收費停車場,Cash,https://donutes.com.tw/,https://www.google.com/maps/search/?api=1&query=%E5%A4%9A%E9%82%A3%E4%B9%8B%E5%92%96%E5%95%A1%E8%9B%8B%E7%B3%95%E7%83%98%E7%84%99-%E6%BE%8E%E6%B9%96%E9%A6%AC%E5%85%AC%20880%20%E6%BE%8E%E6%B9%96%E7%B8%A3%E9%A6%AC%E5%85%AC%E5%B8%82%E4%B8%AD%E6%AD%A3%E8%B7%AF12%E8%99%9F,119.56537,23.56483,Islands,Active/Open,328,10,ChIJ-9y604xabDQRScBNv-jRGcA,
C3_371020000A_000375,金門牛家莊,店名叫「牛家莊」，牛肉料理自是非凡！年輕老闆喜歡創新，當金門有名的油條遇到牛肉時，樸實又嚼勁，幻化出美妙的滋味。老闆堅持以金門牛肉烹製美食佳餚；店內料理物超所值，前往用餐的顧客每回都能有不同的驚豔享受，本店亦是部落客們推薦平民牛肉餐的熱門餐館！招牌牛肉麵、各式牛料理、合菜,金門縣金城鎮民族路318弄5號,886-82-320099,,,$$$,2812,金門縣,金城鎮,10:00-14:30 ; 17:00-21:30,請參考周邊路邊停車格或收費停車場,Cash,https://www.facebook.com/%E9%87%91%E9%96%80%E7%89%9B%E5%AE%B6%E8%8E%8A-149912848384537/,https://www.google.com/maps/search/?api=1&query=%E9%87%91%E9%96%80%E7%89%9B%E5%AE%B6%E8%8E%8A%20%E9%87%91%E9%96%80%E7%B8%A3%E9%87%91%E5%9F%8E%E9%8E%AE%E6%B0%91%E6%97%8F%E8%B7%AF318%E5%BC%845%E8%99%9F,118.31413,24.4309,Islands,Active/Open,2434,10,ChIJi99JVWyiFDQRyCKXTwLYupg,
C3_376550000A_000384,甜在心糖水舖,古法製作傳統甜品，採用林鳳營鮮奶，主打健康、衛生，喝到全新的感受。,花蓮縣花蓮市中山路414號,886-3-8350488,,,$,217,花蓮縣,花蓮市,09:00~00:00,請參考周邊路邊停車格或收費停車場,Cash,https://www.facebook.com/SweetHeartDessertsonly/?locale=zh_TW,https://www.google.com/maps/search/?api=1&query=%E7%94%9C%E5%9C%A8%E5%BF%83%E7%B3%96%E6%B0%B4%E8%88%96%20%E8%8A%B1%E8%93%AE%E7%B8%A3%E8%8A%B1%E8%93%AE%E5%B8%82%E4%B8%AD%E5%B1%B1%E8%B7%AF414%E8%99%9F,121.60294,23.98551,East,Active/Open,197,10,ChIJEx5hZVSeaDQRAlAQnXDL_pE,
C3_A15010100H_000016,噶瑪蘭海產店,沒有固定菜單，菜單依照時節隨時更新，主要客群來自附近居民及固定客戶，業者也和附近民宿配合，接待海天、118、沙漠風情、來去海邊等民宿的住房遊客。主要菜色為海鮮料理及噶瑪蘭風味料理，餐廳本身還有供簡易之餐飲服務，可容納約90~120人，這是一間原住民風格濃厚的餐廳。,花蓮縣977豐濱鄉新社村42號,886-3-8711339,,,$,247,花蓮縣,豐濱鄉,11:00 - 14:00、17:00 - 19:00,請參考周邊路邊停車格或收費停車場,Cash,https://www.facebook.com/share/1BxL36M9oE/,https://www.google.com/maps/search/?api=1&query=%E5%99%B6%E7%91%AA%E8%98%AD%E6%B5%B7%E7%94%A2%E5%BA%97%20%E8%8A%B1%E8%93%AE%E7%B8%A3977%E8%B1%90%E6%BF%B1%E9%84%89%E6%96%B0%E7%A4%BE%E6%9D%9142%E8%99%9F,121.53779,23.65318,East,Active/Open,2244,10,ChIJF0kjfABTbzQRX4qPElReULU,
C3_376550000A_000110,莎莉經典美食餐廳,莎莉經典美食是一家歐式風味的餐廳，以義大利麵為主推餐飲，另備有旗艦級排餐，主廚的廚藝定能使您吮指回味，同時獲得味蕾、嗅感、視覺等三大幸福滿足。莎莉經典美食是位於建國路上的一幢三樓式明亮建築，門口兩棵來自非洲的紅露刺兜樹極為顯眼，每天45度角的陽光從大片的落地櫥窗斜照進來，映照從咖啡杯裡氤氳而起的濃濃咖啡香，在東部的太平洋海岸，您就是在享受『莎莉經典美食所提供的陽光、咖啡、海洋、義大利風』的幸福氛圍。本餐廳一樓可容納30人同時用餐，二樓餐區則可容納66人，亦附有包廂，並提供免費停車場和無線上網服務。本餐廳二樓採光明亮、寬敞舒適，最適合「機關、社團、公司、學校老師和同學舉辦聚餐活動』。我們也提供外燴的服務，我們承辦過開幕酒會；在花蓮，莎莉經典美食的歐式菜餚、西式糕點等各項服務品質，深受各界好評，所以『西式餐會找莎莉，享受美食最道地』，歡迎您多多利用。,花蓮縣花蓮市建國路105號,886-3-8323405,,,$,205,花蓮縣,花蓮市,07:30am~09:30pm,請參考周邊路邊停車格或收費停車場,Cash,https://www.facebook.com/sSarlees/?locale=zh_TW,https://www.google.com/maps/search/?api=1&query=%E8%8E%8E%E8%8E%89%E7%B6%93%E5%85%B8%E7%BE%8E%E9%A3%9F%E9%A4%90%E5%BB%B3%20%E8%8A%B1%E8%93%AE%E7%B8%A3%E8%8A%B1%E8%93%AE%E5%B8%82%E5%BB%BA%E5%9C%8B%E8%B7%AF105%E8%99%9F,121.6027,23.98349,East,Active/Open,,,ChIJGY5m37ifaDQRY8BWLS0J2_w,
C3_A15010100H_001065,項鍊海岸工作室,項鍊海岸工作室以自然與人文藝術建構而成餐飲藝術的環境空間使來訪的客人能體會自然生態環境給予的感動令本工作室建築設計理念以水泥雕塑手作木作及編織藝術以自然環境為基本元素構成,花蓮縣977豐濱鄉石梯坪53-1號,886-9-16547580,,,$$,506,花蓮縣,豐濱鄉,週一~週三 10:00 - 17:00週五~週六 10:00 - 19:00週日 10:00 - 16:30,請參考周邊路邊停車格或收費停車場,Cash,https://www.facebook.com/cacagauwen,https://www.google.com/maps/search/?api=1&query=%E9%A0%85%E9%8D%8A%E6%B5%B7%E5%B2%B8%E5%B7%A5%E4%BD%9C%E5%AE%A4%20%E8%8A%B1%E8%93%AE%E7%B8%A3977%E8%B1%90%E6%BF%B1%E9%84%89%E7%9F%B3%E6%A2%AF%E5%9D%AA53-1%E8%99%9F,121.50876,23.48046,East,Active/Open,1281,10,ChIJFSix15BQbzQRXMtmsbwXLgA,
C3_376550000A_000870,台南滷肉飯,傳統美味老店，用餐環境乾淨，招牌滷肉飯、虱目魚、切仔麵美味兼具經濟實惠。,花蓮縣花蓮市福建街507號,886-3-0000000,,,$$$,1876,花蓮縣,花蓮市,AM10:30~PM8:00,請參考周邊路邊停車格或收費停車場,Cash,https://www.jumpman.tw/hualien-food-20201814.html,https://www.google.com/maps/search/?api=1&query=%E5%8F%B0%E5%8D%97%E8%99%B1%E7%9B%AE%E9%AD%9A%E6%BB%B7%E8%82%89%E9%A3%AF%E5%88%87%E4%BB%94%E9%BA%B5%20%E8%8A%B1%E8%93%AE%E7%B8%A3%E8%8A%B1%E8%93%AE%E5%B8%82%E7%A6%8F%E5%BB%BA%E8%A1%97507%E8%99%9F,121.61119,23.99107,East,Active/Open,139,10,ChIJg1LhQCmfaDQR2Ez21v4FSlk,
C3_A15010100H_000682,都蘭義大利披薩 Dulan A Mano Pizza,A-JO&rsquo;(正確發音近：A-YO)Pizza 位於台東縣東河鄉都蘭橋附近，主廚Michelle來自義大利，因為喜愛衝浪而來到台東，後來也決定在台東生活。由於過去從母親手藝以及餐廳工作經驗裡習得了一手製作pizza的美味技術，所以期望提供乾淨的用餐環境、健康的食材以及美味的義式pizza和台東在地人分享！Michelle中文多是自學的方式，店內的Pizza菜單看板由自己親手製成，中英文皆有；如果對於食材和口味有疑惑，用心的Michelle也會耐心的一一回答客人的問題。店內Pizza 口味約7種，有較平易、在地人可接受的基本口味，也有傳統的義大利披薩口味，香氣濃郁、十足飽足感，堪稱都蘭小鎮的新興異國美食。,臺東縣959東河鄉都蘭村459-2號（台11線144.8公里處）,886-9-00413622,,,$,391,臺東縣,東河鄉,週六~週三 11:30 - 14:00 、 17:30 - 20:30週五 17:30 - 20:30，週四公休,請參考周邊路邊停車格或收費停車場,Cash,https://www.facebook.com/antteodulan?mibextid=LQQJ4d,https://www.google.com/maps/search/?api=1&query=%E9%83%BD%E8%98%AD%E7%BE%A9%E5%A4%A7%E5%88%A9%E6%8A%AB%E8%96%A9%20Dulan%20A%20Mano%20Pizza%20%E8%87%BA%E6%9D%B1%E7%B8%A3959%E6%9D%B1%E6%B2%B3%E9%84%89%E9%83%BD%E8%98%AD%E6%9D%91459-2%E8%99%9F%EF%BC%88%E5%8F%B011%E7%B7%9A144.8%E5%85%AC%E9%87%8C%E8%99%95%EF%BC%89,121.23137,22.87955,East,Active/Open,628,10,ChIJUbD3y_GibzQRgbU7xUEtVzg,
C3_376550000A_000443,椿山日本料理,餐廳與小吃林立的花蓮市民國路，人稱「花蓮美食街」，在這個百家爭鳴的餐飲業〝一級戰區〞，位於民國路與光復街口一棟具有八十年歷史的日式老屋在因緣聚合下，成為三個男子共同開創事業的起點！身為花蓮子弟的「椿山日本料理」三位合夥人在珍惜古蹟的心情下，有志一同地刻意避免過度裝修，以保留老屋原貌，讓花蓮地景之一的「光復街108號老屋」持續散發出迷人況味！也期許「椿山日本料理」能像老屋一樣歷久彌新、吸引眾人。「椿山」沒有豪華裝潢，沒有米其林水準的頂級食材和廚師，但是，只要您來「椿山」，一定能感受到我們用心製作的食物和貼心服務，吃到最新鮮超&#20540;的「椿山」料理！在這個寬敞舒適的環境中，耳畔是悠揚的日本歌曲，入&#30524;是文化國寶吳敦厚大師手工繪製的典雅燈籠，吃進嘴裡的是正統,花蓮縣花蓮市光復街108號,886-3-8355833,,,$,391,花蓮縣,花蓮市,每周二到五  11:30-14:00；                 17:00-21:00(周一店休),有停車位,Cash,https://www.facebook.com/ChunShan108/,https://www.google.com/maps/search/?api=1&query=%E6%A4%BF%E5%B1%B1%E6%97%A5%E6%9C%AC%E6%96%99%E7%90%86%20%E8%8A%B1%E8%93%AE%E7%B8%A3%E8%8A%B1%E8%93%AE%E5%B8%82%E5%85%89%E5%BE%A9%E8%A1%97108%E8%99%9F,121.60579,23.97928,East,Active/Open,990,10,ChIJB2M4gcCfaDQRzvPGGogt4-E,
C3_376550000A_000367,銘師父餐廳,創意無限的銘師父餐廳是花蓮美食料理專家， 對於食材非常講究， 讓吃飯也能成為一種藝術饗宴。銘師父運用精湛手藝，烹調出許多令人耳目一新的創意料理，不管是肉品、海鮮、冷盤和麵類，道道新鮮美味，曼波魚產季也能嚐到各式創意好味。,花蓮縣吉安鄉太昌村明義6街38巷22號,886-3-8581122,,,$,361,花蓮縣,吉安鄉,週一 - 週日: 11:30 - 14:00 、 17:30 - 21:00,停車場,Cash,https://www.facebook.com/ChefMing/,https://www.google.com/maps/search/?api=1&query=%E9%8A%98%E5%B8%AB%E7%88%B6%E9%A4%90%E5%BB%B3%20%E8%8A%B1%E8%93%AE%E7%B8%A3%E5%90%89%E5%AE%89%E9%84%89%E5%A4%AA%E6%98%8C%E6%9D%91%E6%98%8E%E7%BE%A96%E8%A1%9738%E5%B7%B722%E8%99%9F,121.55815,23.99613,East,Active/Open,1028,10,ChIJDVdmqZ6faDQRCIO0LUx_cUg,
C3_A15010100H_000676,幸福食堂,「幸福食堂 」從提供季節性料理之中餐與晚餐，餐點部分選用當季及在地食材，做出的料理不僅新鮮且有益健康，旅客來到此地可以優閒自在地渡過幸福時光！在山、海、節氣與風土孕育的台灣當令作物，用料理，傳達人們樸實的生活中真情感性的語言。套餐一份250元起，預約制無菜單料理（合菜）一人400元起,臺東縣959東河鄉興昌路74號,886-8-9530440,,,$$,832,臺東縣,東河鄉,無,請參考周邊路邊停車格或收費停車場,Cash,https://www.facebook.com/happinessdiningroom,https://www.google.com/maps/search/?api=1&query=%E5%B9%B8%E7%A6%8F%E9%A3%9F%E5%A0%82%20%E8%87%BA%E6%9D%B1%E7%B8%A3959%E6%9D%B1%E6%B2%B3%E9%84%89%E8%88%88%E6%98%8C%E8%B7%AF74%E8%99%9F,121.24662,22.89423,East,Active/Open,365,10,ChIJR9MvSG6ibzQRUbXwMl0nqwE,
C3_376550000A_000376,老邵餐館,「老邵餃館」仍然堅持純手工將每一樣食物經過嚴密的篩選及處理，嚴持把關。採用花蓮本港現流魚鮮及自製酸白菜料理；搭配手工製作的麵條，吸附湯汁的麵條，滑順香Q，讓人食指大動的極緻美味。,花蓮縣花蓮市三民街3-2號,886-3-8340858,/image/chinese/d02.jpg,中式料理,$$,612,花蓮縣,花蓮市,11:00~20:30,請參考周邊路邊停車格或收費停車場,Cash,https://www.facebook.com/p/%E8%80%81%E9%82%B5%E9%A4%90%E9%A4%A8%E5%92%8C%E5%B9%B3%E5%BA%97-100063663676706,https://www.google.com/maps/search/?api=1&query=%E8%80%81%E9%82%B5%E9%A4%90%E9%A4%A8%20%E8%8A%B1%E8%93%AE%E7%B8%A3%E8%8A%B1%E8%93%AE%E5%B8%82%E4%B8%89%E6%B0%91%E8%A1%973-2%E8%99%9F,121.61107,23.97739,East,Active/Open,,,ChIJddG1I76faDQRCFcFQhCvQ6U,
C3_376600000A_000097,Eleventh Cafe 射日塔景觀咖啡館,想要一覽空中 360 度環景，你得先放慢心思、散個步，沿著綠意才能遇到！ Eleventh Café 座落在嘉義公園射日塔 11 樓，享有嘉義市中心難得的廣闊視野，被綠意擁戴著，於是打造了 360 度落地玻璃景觀窗，為空間導入滿滿陽光和綠意，視野一覽無遺，若想把白天綠意 - 午後夕陽 - 星光夜景一次享受，下午 4 點來訪絕對是最佳時刻！自新加坡學成烘焙，將滿滿的甜蜜帶回嘉義小鎮，脆皮泡芙外酥脆、內香甜，現點現擠入卡士達內餡，佐一杯黑糖拿鐵，健康黑砂糖入味，香甜卻不膩口，讓悠閒的您，好好品味其中滋味。Tips!~ 憑射日塔門票於咖啡廳消費，咖啡與飲品可折抵 20 元喔！推薦餐點：脆皮泡芙、黑糖拿鐵,嘉義市東區公園街 46 號,886-5-2751357,,,$$$,2914,嘉義市,東區,星期日 09:00~21:00；星期一 公休；星期二 公休；星期三 09:00~17:00；星期四 09:00~17:00；星期五 09:00~17:00；星期六 09:00~21:00,請參考周邊路邊停車格或收費停車場,Cash,https://bobowin.blog/chiayi-tower/,https://www.google.com/maps/search/?api=1&query=Eleventh%20Cafe%20%E5%B0%84%E6%97%A5%E5%A1%94%E6%99%AF%E8%A7%80%E5%92%96%E5%95%A1%E9%A4%A8%20%E5%98%89%E7%BE%A9%E5%B8%82%E6%9D%B1%E5%8D%80%E5%85%AC%E5%9C%92%E8%A1%97%2046%20%E8%99%9F,120.46912,23.48123,South,,,,ChIJ0wvSTU2UbjQR9TeqEzTaO1g,
C3_382000000A_208085,米工坊-月桃肉粽,華人包粽子巧思不斷，除了竹葉包粽，為了增加粽子的特別口感和香氣，還有使用「月桃葉」包粽，位於新莊的「米工坊」正是箇中翹楚，多年來老闆特選來自水質無污染且高優質的「台東池上糯米」做為粽子的原料，粽子的餡料與糯米拌炒至半熟後，外面再包覆月桃葉，經過蒸煮後米粒香Q柔軟，形成一種美食色、香、味的綜合藝術，香氣獨具值得嚐嚐。月桃葉本身也是一種藥用植物，端午節前後正是月桃盛開時，因此用來包粽深具傳統風味。月桃肉粽內餡有豬肉、蛋黃、香菇、蝦仁、花生，加上月桃的滋味，真誘人食慾。米工坊另一款招牌肉粽餡料則有豬肉、香菇絲、蝦仁、蘿蔔乾，和池上糯米搭配，給人一種非吃不可的魅力。端午節米工坊月桃肉粽限量供應，記得電話先訂。,新北市242新莊區中信街44號,886-9-10610424,,,$$,727,新北市,新莊區,06:30~14:00(週一二休，賣完會提早關們),請參考周邊路邊停車格或收費停車場,Cash,https://www.facebook.com/pages/%E7%B1%B3%E5%B7%A5%E5%9D%8A%E8%82%89%E7%B2%BD%E5%B0%88%E8%B3%A3%E5%BA%97/177366992304680,https://www.google.com/maps/search/?api=1&query=%E7%B1%B3%E5%B7%A5%E5%9D%8A-%E6%9C%88%E6%A1%83%E8%82%89%E7%B2%BD%20%E6%96%B0%E5%8C%97%E5%B8%82242%E6%96%B0%E8%8E%8A%E5%8D%80%E4%B8%AD%E4%BF%A1%E8%A1%9744%E8%99%9F,121.44967,25.05088,North,Active/Open,,,ChIJQd_YXX6oQjQRcv8D8xex0w8,304
C3_376430000A_000551,大方蘭州拉麵館,推薦菜色：金牌三寶牛肉麵、大方牛肉拉麵傳承大陸師傅手藝 以正統麵食給顧客本店湯頭採牛骨及特殊醬料熬煮成獨特美味，無腥味的紅燒牛肉湯。麵條採現點現做的蘭州拉麵，現場製作、香Q有勁。店內刀削麵採山西作法，彎刀削麵、咬勁特好、又香又Q。製作麵的技術師承大陸師傅，以最正統的麵食給顧客享用。還有招牌的蘭州拉麵、及香蒜排骨拉麵，都是您不可錯過的美味料理！,桃園市330桃園區永安路389號之2,886-3-3314193,,,$,211,桃園市,桃園區,11：00~21：00,請參考周邊路邊停車格或收費停車場,Cash,https://www.facebook.com/dafang193/,https://www.google.com/maps/search/?api=1&query=%E5%A4%A7%E6%96%B9%E8%98%AD%E5%B7%9E%E6%8B%89%E9%BA%B5%E9%A4%A8%20%E6%A1%83%E5%9C%92%E5%B8%82330%E6%A1%83%E5%9C%92%E5%8D%80%E6%B0%B8%E5%AE%89%E8%B7%AF389%E8%99%9F%E4%B9%8B2,121.29865,25.00132,North,Active/Open,,,ChIJi9V-tAcfaDQRSNJgp92h5ew,172
C3_382000000A_206230,舜德農莊休閒餐廳,位於深坑外環道下、文山路一段的舜德農莊，是一間擁有傳統美味料理、山產的山莊餐廳。擁有上千隻自家養殖的放山雞，以天然穀物、玉米餵食，讓山雞肉質堅實富彈性、甘甜可口，是深坑難得一見的自家放山雞料理。舜德擁有寬敞的戶外座位，燈光極富設計感、給人眼睛一亮的舒適感受，一年四季還可以聞到自然的花鄉由四處飄來；室內座位更有包廂，讓顧客歡唱KTV，無論筵席或一般家庭聚餐桌菜皆適合。一到假日便人潮絡繹不絕，供應的料理有深坑傳統的豆腐料理、山產、時蔬、合菜等，歡迎您蒞臨品嚐。,新北市222深坑區文山路一段62巷35號,"886-2-26648888,886226622952",,,$$$,2454,新北市,深坑區,週一~週五11:00-14:00－17:00-21:00（供餐時間到20:00)週六~週日11:00-21:00(週二休),請參考周邊路邊停車格或收費停車場,Cash,http://zhundhe.eatingout.com.tw/,https://www.google.com/maps/search/?api=1&query=%E8%88%9C%E5%BE%B7%E8%BE%B2%E8%8E%8A%E4%BC%91%E9%96%92%E9%A4%90%E5%BB%B3%20%E6%96%B0%E5%8C%97%E5%B8%82222%E6%B7%B1%E5%9D%91%E5%8D%80%E6%96%87%E5%B1%B1%E8%B7%AF%E4%B8%80%E6%AE%B562%E5%B7%B735%E8%99%9F,121.62193,25.00072,North,Active/Open,,,ChIJX9tfgitVXTQRGqRf4ZF2-no,230
C3_376430000A_001926,山本海產店,2016海客之都認證餐廳推薦菜色：香煎台灣鮑、八寶脆皮丸、豆鼓蒸鮮魚、菜脯爆中卷林老闆身為無菜單料理師傅，他用心研發屬於竹圍漁港的滋味，希望每一餐都是美好的回憶。林老闆說，很多人以為我店名叫山本，是一家日本料理店，其實是紀念一位曾經教導我的日本廚師，而我除了日本料理之外，會做的菜色相當多元，客家菜、閩南菜、江浙菜等都能充分表現。精進創新不辜負顧客期待不管是醬爆海參或是清蒸小龍蝦，片切黑鮪魚還是麻油炒腰子，林老闆都能變出色香味俱全的料理，「全憑一紙信任，許多熟客幾乎都不點餐，約莫講一個價位後，就請我自由發揮。我能回報的是，堅持食材新鮮，用心以及不斷創新，給予實在的珍味。」即將邁入廚師第28年的林老闆既感性又感恩地說。,桃園市337大園區沙崙里港口路7-7號2樓10號攤位(竹圍漁港觀光魚市熟食區),886-3-3935559,,,$$,768,桃園市,大園區,10:00~20:30,請參考周邊路邊停車格或收費停車場,Cash,https://travel.tycg.gov.tw/zh-tw/consume/detail/1926,https://www.google.com/maps/search/?api=1&query=%E5%B1%B1%E6%9C%AC%E6%B5%B7%E7%94%A2%E5%BA%97%20%E6%A1%83%E5%9C%92%E5%B8%82337%E5%A4%A7%E5%9C%92%E5%8D%80%E6%B2%99%E5%B4%99%E9%87%8C%E6%B8%AF%E5%8F%A3%E8%B7%AF7-7%E8%99%9F2%E6%A8%9310%E8%99%9F%E6%94%A4%E4%BD%8D%28%E7%AB%B9%E5%9C%8D%E6%BC%81%E6%B8%AF%E8%A7%80%E5%85%89%E9%AD%9A%E5%B8%82%E7%86%9F%E9%A3%9F%E5%8D%80%29,121.24586,25.11729,North,Active/Open,,,ChIJO410A2yfQjQRpXHc3aIzMiY,311
C3_376430000A_002828,星上星港式飲茶,榮獲 2018 桃園金牌好店 肯定的飲茶名店，以「平民價格、精緻服務」為核心理念，在愜意明亮的用餐空間中，呈獻最正宗的港式滋味。店內主打每日自製蘿蔔糕與各式傳統港點，憑藉著優質的服務與親切氛圍，成功征服無數饕客的「胃」與「心」。在這裡，您可以用最實惠的價格，享受到金牌等級的餐飲體驗，感受點「食」成金的絕妙魅力。,桃園市330桃園區經國路288號,886-3-3568777,,,$,176,桃園市,桃園區,"11:30–14:30, 17:00–21:00",附設停車場第一停車場：經國路288號（店面旁）第二停車場：經國路336巷86號（森料理前空地）,Cash,https://www.facebook.com/startonstart/,https://www.google.com/maps/search/?api=1&query=%E6%98%9F%E4%B8%8A%E6%98%9F%E6%B8%AF%E5%BC%8F%E9%A3%B2%E8%8C%B6%20%E6%A1%83%E5%9C%92%E5%B8%82330%E6%A1%83%E5%9C%92%E5%8D%80%E7%B6%93%E5%9C%8B%E8%B7%AF288%E8%99%9F,121.30326,25.02233,North,Active/Open,,,ChIJbWaK3LUfaDQR7zNlbj8Qnrw,92
C3_376580000A_000146,竹塹林記美食,人說回憶是最美的，可是我的回憶是最刻骨銘心！回想當年，從對岸結束了工作，投靠在新竹市香山的岳母家。吃到岳母親手做的滷味，勾起我對做滷味的興趣，發現傳統市場要創新一定要以衛生、口味、品質、品牌等管理方法，才能打造屬於自己的好口碑。如今滷味已成功打出名號，為了感念岳母傳授她的私房手藝，也藉此協助推動香山觀光產業，於是結合文創意象，打造『香山阿母私房滷味』這個品牌。希望能讓更多人吃到這創新的茶香美食，品嚐過香山阿母私房滷味的朋友們也能感受到滷味創新的「心」吃法。招牌茶香鴨翅選用優質本產鴨翅，配上新鮮辣椒，加上精選的台灣烏龍茶以時間、慢火讓滷汁完全進入骨髓入味，吃起來肉質Q彈，不老又有茶香，辣又不刺激，讓你不只是平時聊天、喝茶，更是聚會最好搭配的滷味，吃一口香山阿母的私房滷味，讓你口腔充滿著獨到的香味久久不散，同時讓你一口接一口，想停也停不下來，一吃就上癮。,新竹市中華路五段420巷56號,886-3-5399539,,,$$,577,新竹市,香山區,二~日11:00-22:00，週一店休,請參考周邊路邊停車格或收費停車場,Cash,https://www.facebook.com/Linji1993,https://www.google.com/maps/search/?api=1&query=%E7%AB%B9%E5%A1%B9%E6%9E%97%E8%A8%98%E7%BE%8E%E9%A3%9F%20%E6%96%B0%E7%AB%B9%E5%B8%82%E4%B8%AD%E8%8F%AF%E8%B7%AF%E4%BA%94%E6%AE%B5420%E5%B7%B756%E8%99%9F,120.916586,24.775408,North,Active/Open,,,ChIJqSnQUb5KaDQR3pf0thJlVE4,380
C3_382000000A_206275,Gino Pizza店,蘆洲湯姆咖啡廚房，為您呈獻一場南法情懷與義式風味的奇妙碰撞。我們專精於高品質、健康且具視覺張力的歐式料理，特別是擁有「豹紋披薩」美譽的拿坡里風窯烤 Pizza。餅皮香 Q 彈牙、外厚內薄，每一口都吃得到食材原味。結合歐、法、日元素的創新義大利麵與精緻套餐，搭配現點現做的堅持，我們在休閒愜意的空間裡，邀您共賞異國美食的真諦。,新北市247蘆洲區長安街108巷27號,886-2-28482666,,,$,238,新北市,蘆洲區,週一~週五11:30~15:00 / 17:00~22:00 週六日11:30~22:00,請參考周邊路邊停車格或收費停車場,Cash,https://linktr.ee/ginopizza,https://www.google.com/maps/search/?api=1&query=Gino%20Pizza%E5%BA%97%20%E6%96%B0%E5%8C%97%E5%B8%82247%E8%98%86%E6%B4%B2%E5%8D%80%E9%95%B7%E5%AE%89%E8%A1%97108%E5%B7%B727%E8%99%9F,121.4621,25.08255,North,Active/Open,,,ChIJyVgLC7qoQjQRQex5vfM7Eaw,
C3_376430000A_000448,解放咖啡館,位於桃園大溪區中山路上的解放咖啡館3.0，從滿牆是五○、六○年代的電影海報及音樂的復興路小巷轉角的2樓，搬遷到歷史建物的老屋中。老闆收藏的二千多張搖滾、爵士、電影原聲帶，披頭四等早期流行樂不絕於耳。在歷史的老屋中欣賞處處可見的手作痕跡，走累了或需要補充咖啡因時，歡迎來這歇一歇，品嚐一杯老闆用心烘培的好咖啡！招牌：塞風式咖啡，自家烘焙各國精選莊園咖啡，自製披薩，自製蛋糕，冰淇淋鬆餅，烤雞鬆餅。貼心提醒：●平均消費：$100-$200／每人。●每人最低消費為一杯飲料、或咖啡豆一包、或掛耳包10入。●週三、週四公休。,桃園市335大溪區中山路19號,886-3-3871801,,,$$,970,桃園市,大溪區,週三週四公休，週一週二週五11:00~19:00，週六週日11:30~21:00,路邊收費停車：公有橋頭停車場：平面停車場大型車15格，小型車418格。公有月眉停車場：平面停車場大型車8格，小型車130格。,Cash,http://reliefcafe.pixnet.net/,https://www.google.com/maps/search/?api=1&query=%E8%A7%A3%E6%94%BE%E5%92%96%E5%95%A1%E9%A4%A8%20%E6%A1%83%E5%9C%92%E5%B8%82335%E5%A4%A7%E6%BA%AA%E5%8D%80%E4%B8%AD%E5%B1%B1%E8%B7%AF19%E8%99%9F,121.28681,24.88168,North,Active/Open,,,ChIJA7e_5SAYaDQRgcevHP_jJJY,258
C3_376440000A_000040,丹頂鶴中日式創意料理,丹頂鶴中日式創意料理，單點的天婦羅炸蝦內有兩條大蝦、地瓜條、新鮮香菇、茄子等。而烤鰻魚串帶皮之故，有一種脆中帶勁的口感，富含膠質。老闆表示，人多時推薦深海大目鰱魚，正值當令季節佳餚，可以一魚兩吃，由客人決定，清蒸或煮湯皆宜。,新竹縣關西鎮新城段荸子園28 號,886-3-5877388,,,$,249,新竹縣,關西鎮,11:00-20:00，週二公休,請參考周邊路邊停車格或收費停車場,Cash,https://ctinas604.pixnet.net/blog/posts/17340540926,https://www.google.com/maps/search/?api=1&query=%E4%B8%B9%E9%A0%82%E9%B6%B4%E4%B8%AD%E6%97%A5%E5%BC%8F%E5%89%B5%E6%84%8F%E6%96%99%E7%90%86%20%E6%96%B0%E7%AB%B9%E7%B8%A3%E9%97%9C%E8%A5%BF%E9%8E%AE%E6%96%B0%E5%9F%8E%E6%AE%B5%E8%8D%B8%E5%AD%90%E5%9C%9228%20%E8%99%9F,121.179,24.7931,North,Active/Open,,,ChIJJVNZmTI_aDQRK0k8kLdtcuI,112
C3_382000000A_207569,陳家豆腐,以黑豆腐以及白玉豆腐腦為名的陳家豆腐，黑豆腐是以黑豆來製成的，而白玉豆腐腦則是由花生及在來米研磨成粉製成，店內除了提供多樣化精緻的豆腐料理，在炎炎夏日裡，來杯祖傳酸梅湯，完全手工自製純天然又健康，另外，店內還有販售自行研發的豆腐蛋糕，除了甜點口味，也有鹹式口味，口感更綿密更鬆軟，喜歡嘗鮮的朋友，一定要來試試看。,新北市222深坑區北深路二段155之3號,886-2-26622585,,,$$$,2019,新北市,深坑區,11:00 - 19:00 / 週二公休,請參考周邊路邊停車格或收費停車場,Cash,https://www.facebook.com/chen.home91/?locale=zh_TW,https://www.google.com/maps/search/?api=1&query=%E9%99%B3%E5%AE%B6%E8%B1%86%E8%85%90%20%E6%96%B0%E5%8C%97%E5%B8%82222%E6%B7%B1%E5%9D%91%E5%8D%80%E5%8C%97%E6%B7%B1%E8%B7%AF%E4%BA%8C%E6%AE%B5155%E4%B9%8B3%E8%99%9F,121.61367,25.00177,North,Active/Open,,,ChIJNajmAMWqQjQRtfdYp47P0jw,156
C3_376580000A_000046,大千米苔目冰店,"老闆娘表示，從福建來台灣的公公在新竹落腳後，與當地人學做米苔目，並且再近一步的改良在來米粉與地瓜粉的比例做出有筋度有米香的米苔目，而店名的由來是原本就在經營的""大千電器行""沿用至此，然而形成了大千冰店的由來。",新竹市北區警光路24號,886-3-5266300,,,$$,513,新竹市,北區,二~日9:00~21:00,請參考周邊路邊停車格或收費停車場,Cash,https://www.facebook.com/profile.php?id=100063952155308&sk=photos&locale=zh_TW,https://www.google.com/maps/search/?api=1&query=%E5%A4%A7%E5%8D%83%E7%B1%B3%E8%8B%94%E7%9B%AE%E5%86%B0%E5%BA%97%20%E6%96%B0%E7%AB%B9%E5%B8%82%E5%8C%97%E5%8D%80%E8%AD%A6%E5%85%89%E8%B7%AF24%E8%99%9F,120.957441,24.797512,North,Active/Open,,,ChIJnUnHGZQ1aDQRKg4QHjTYu9g,104
C3_376490000A_000968,大嬸的柴米油鹽廚房,閒雲野鶴，廚房開在這。充滿鄉野閒情的柴米油鹽廚房，全店採取預約制，只為了達致帶給客人最高品質的餐飲體驗，老饕來此除了享受清新的芬多精，還有滿桌熱騰騰的珍饌可以慢慢品嘗，從胃口到心口一致地滿足與感動。,台西鄉和平路166號（東宮太子殿）,886-5-6900290,,,$,394,雲林縣,臺西鄉,11:00-21:00(預約制),請參考周邊路邊停車格或收費停車場,Cash,https://www.facebook.com/people/%E5%A4%A7%E5%AC%B8%E7%9A%84%E6%9F%B4%E7%B1%B3%E6%B2%B9%E9%B9%BD%E5%BB%9A%E6%88%BF/100064014102757/,https://www.google.com/maps/search/?api=1&query=%E5%A4%A7%E5%AC%B8%E7%9A%84%E6%9F%B4%E7%B1%B3%E6%B2%B9%E9%B9%BD%E5%BB%9A%E6%88%BF%20%E5%8F%B0%E8%A5%BF%E9%84%89%E5%92%8C%E5%B9%B3%E8%B7%AF166%E8%99%9F%EF%BC%88%E6%9D%B1%E5%AE%AE%E5%A4%AA%E5%AD%90%E6%AE%BF%EF%BC%89,120.2131,23.72364,Central,Active/Open,,,ChIJW19PFA6nbjQRSbyLsMu0woM,99
C3_376490000A_001104,小豬漫步手作廚房,提供食物的原型與食物的原味讓顧客做選擇,雲林縣斗南鎮民權路29號,886-9-20934881,,,$$$,1133,雲林縣,斗南鎮,9：00-5：00,斜對面有收費停車場,Cash,http://www.facebook.com.tw/Piggywalk,https://www.google.com/maps/search/?api=1&query=%E5%B0%8F%E8%B1%AC%E6%BC%AB%E6%AD%A5%E6%89%8B%E4%BD%9C%E5%BB%9A%E6%88%BF%20%E9%9B%B2%E6%9E%97%E7%B8%A3%E6%96%97%E5%8D%97%E9%8E%AE%E6%B0%91%E6%AC%8A%E8%B7%AF29%E8%99%9F,120.4787,23.67411,Central,Active/Open,,,ChIJ0VZfQ--5bjQRCWxFIM3Sb_Y,19
C3_387000000A_000769,幸發亭蜜豆冰 - 北平店,"民國27年,最早的蜜豆冰(ミツマメ)是龍井區人 陳溪先生在台中火車站旁,以手推車沿街叫賣的方式經營的,當時的蜜豆冰是參考日本的四果冰,再加上十多種配料製成的.民國32年左右,進入第一市場,終於有個小小的攤位,並將攤位命名為[辛發亭].在一次大火中, 辛發亭幸運的只有招牌和少部分店面受損,於是火災後[辛發亭]便改名為[幸發亭],希望能夠化辛酸為幸運.豐富配料的蜜豆冰是當年許多學生、阿兵哥、台中人記憶中的好味道，近幾年來也陸續開發新產品,例如雪綿冰、手工豆花、嫩仙草等.數十年來秉持實在用心的經營理念，目前已交由第三代經營，繼續傳承這令人懷念的美妙滋味.推薦菜單：招牌蜜豆冰、紅豆牛奶冰、芒果冰、各類雪綿冰",臺中市404北區北平路2段98-2號,886-4-22935339,,,$,399,臺中市,北區,11:00~23:00,請參考周邊路邊停車格或收費停車場,Cash,https://www.facebook.com/FortunateIce/?locale=zh_TW,https://www.google.com/maps/search/?api=1&query=%E5%B9%B8%E7%99%BC%E4%BA%AD%E8%9C%9C%E8%B1%86%E5%86%B0%20-%20%E5%8C%97%E5%B9%B3%E5%BA%97%20%E8%87%BA%E4%B8%AD%E5%B8%82404%E5%8C%97%E5%8D%80%E5%8C%97%E5%B9%B3%E8%B7%AF2%E6%AE%B598-2%E8%99%9F,120.67519,24.17144,Central,Active/Open,,,ChIJSSc6W2M9aTQR21IcWdCpll0,303
C3_387000000A_003703,梨子咖啡館-豐原店,第一次，梨妃戀上咖啡香...多年前的午後，坐在台北東區的一家咖啡館， 裝點華麗的草莓蛋糕及陣陣撲鼻的咖啡香，那種一輩子難忘的幸福滋味， 成了梨妃開咖啡館的動力! 1999年「梨子咖啡館」在夢想中誕生了！ 選擇在縣府旁，作為這個城市的好朋友， 從小巧溫馨的環境，擴大到現在近60個座位， 我們把空間留給你，把用心留給每一個?您服務的細節處， 開放式的吧檯，創造零距離的清澈感； 我們不敢說自己擁有最棒的咖啡及最豪華的裝潢，但這份由愛創作的空間及餐點，卻是獨一無二的用心分享!,臺中市420豐原區陽明街86號1樓﹝前臺中縣政府旁﹞,886-4-25276799,,,$$,797,臺中市,豐原區,AM8:00~PM22:00,請參考周邊路邊停車格或收費停車場,Cash,https://www.pearcafe.com.tw/,https://www.google.com/maps/search/?api=1&query=%E6%A2%A8%E5%AD%90%E5%92%96%E5%95%A1%E9%A4%A8-%E8%B1%90%E5%8E%9F%E5%BA%97%20%E8%87%BA%E4%B8%AD%E5%B8%82420%E8%B1%90%E5%8E%9F%E5%8D%80%E9%99%BD%E6%98%8E%E8%A1%9786%E8%99%9F1%E6%A8%93%EF%B9%9D%E5%89%8D%E8%87%BA%E4%B8%AD%E7%B8%A3%E6%94%BF%E5%BA%9C%E6%97%81%EF%B9%9E,120.72219,24.2463,Central,Active/Open,,,ChIJi6ppwAQaaTQRpA5-nskvNTk,236
C3_376490000A_000877,叮叮車港式早午餐,熟悉的港味，最對味！傳承自香港老爹手藝，來一趟叮叮車港式早午餐，尋找獨到港味。以台灣在地蔬食肉類與香港進口原料結合，叮叮車港式早午餐提供各式手工港點、特色腸粉、飯類和公仔麵、法式西多士等餐點，喜愛香港和懷念家鄉口味的朋友們都能找到熟悉的味道！,斗六市大同路80之2號,886-5-5000000,,,$$,445,雲林縣,斗六市,10:0013:30四六日公休12歲以下兒童只提供外帶,請參考周邊路邊停車格或收費停車場,Cash,https://www.facebook.com/hkdingdingbrunch18,https://www.google.com/maps/search/?api=1&query=%E5%8F%AE%E5%8F%AE%E8%BB%8A%E6%B8%AF%E5%BC%8F%E6%97%A9%E5%8D%88%E9%A4%90%20%E6%96%97%E5%85%AD%E5%B8%82%E5%A4%A7%E5%90%8C%E8%B7%AF80%E4%B9%8B2%E8%99%9F,120.5416,23.7095,Central,Active/Open,,,ChIJd6TldfbJbjQRYscRaypS_vk,121
C3_376480000A_000624,世傳魷魚羹,世傳魷魚羹嚴選特色食材、給顧客最實在的感受魷魚  選用北海道魷魚，為太平洋迴游性軟體動物類，每年八月時體型最肥 厚，肉質最鮮嫩以重質不重量擷取精華尾部，每尾五兩重為標準；製作過程中皆以純手工切成，片片厚實，入口脆中帶軟咀嚼在三，細細品嚐大海所孕育出的鮮美風味。湯底  嚴選上等柴魚；富含不飽和脂肪酸及DHA與維生素E，採用不添加任何人工香料，熬煮出自然美味高湯加上鮮嫩筍絲，經適當調味後勾芡即是色、香、味俱全的羹湯。肉燥  在阿輝伯近20年巧手經驗，嚴格挑選粒粒飽滿道地台灣紅蔥頭，並遵循古法以豬油爆香，小火拌炒數小時後，再搭配家傳中藥配料熬煮2小時，自然散發出濃郁肉燥香，呈現出不同的古早風味。肉粳  精選上等後腿肉、以中藥、青蔥、紅蔥酥及少許調味料攪拌均勻後，以零下10°醃製12小時，在冰層下急速保鮮讓肉質本身的鮮甜美味，經烹調後散發出獨特香氣，口感香脆讓您一口接一口。,南投縣草屯鎮碧山路59號,886-49-2301939,,,$,1882,南投縣,草屯鎮,"""10:00~20:00""",請參考周邊路邊停車格或收費停車場,Cash,https://www.facebook.com/CHFOODGOOD/?locale=zh_TW,https://www.google.com/maps/search/?api=1&query=%E4%B8%96%E5%82%B3%E9%AD%B7%E9%AD%9A%E7%BE%B9%20%E5%8D%97%E6%8A%95%E7%B8%A3%E8%8D%89%E5%B1%AF%E9%8E%AE%E7%A2%A7%E5%B1%B1%E8%B7%AF59%E8%99%9F,120.68548,23.97827,Central,Active/Open,,,ChIJuyIRS9w0aTQRsl5c3UtBlrg,
C3_376490000A_000850,川龍食堂,厚工兼幼路 — 三百餘年古蹟旁的手路菜雲林土庫媽祖廟的對面，正是當地著名「碧蘭阿嬤」的手路菜店「川龍食堂」。紅糟肉軟嫩甜鮮之外，更保留無外來文化影響的原產美味──「最難台菜－扁魚白菜鍋」。清雅有致、香味層次鮮明，真正是雲林無雙！,土庫鎮中山路165巷9號,886-5-6622548,,,$,249,雲林縣,土庫鎮,10:30-14:00；16:00-19:30二公休,請參考周邊路邊停車格或收費停車場,Cash,https://www.facebook.com/ChuanLongShinTang,https://www.google.com/maps/search/?api=1&query=%E5%B7%9D%E9%BE%8D%E9%A3%9F%E5%A0%82%20%E5%9C%9F%E5%BA%AB%E9%8E%AE%E4%B8%AD%E5%B1%B1%E8%B7%AF165%E5%B7%B79%E8%99%9F,120.3886,23.67614,Central,Active/Open,,,ChIJwRu-p1e6bjQROjX177lfz5Y,114
C3_376470000A_000006,龍吉高麗菜飯,香噴滋味高麗菜飯一間位於鎮公所旁的人氣美食，透著蝦米香味的高麗菜飯是該店的獨家口味，店家為了煮出高麗菜飯的好味道，採用傳統式的燜煮法，老闆說這種煮法最費時，但為能保留高麗菜的原味，飯入口時，散發著濃濃的蝦米、胡椒香。,彰化縣田中鎮建國路六號,886-4-8749727,,,$$,812,彰化縣,田中鎮,06:00-13:30,請參考周邊路邊停車格或收費停車場,Cash,https://safood.tw/longji,https://www.google.com/maps/search/?api=1&query=%E9%BE%8D%E5%90%89%E9%AB%98%E9%BA%97%E8%8F%9C%E9%A3%AF%20%E5%BD%B0%E5%8C%96%E7%B8%A3%E7%94%B0%E4%B8%AD%E9%8E%AE%E5%BB%BA%E5%9C%8B%E8%B7%AF%E5%85%AD%E8%99%9F,120.581361,23.861491,Central,Active/Open,,,ChIJ_cOE6TgEaTQRa8A6ATp6yx0,
C3_395000000A_001947,新營李家宇航牛肉湯,新營李家宇航牛肉湯，在傳統中帶一點創意，在平凡中尋找一絲驚奇，持續堅持與不斷的努力，只為了讓您留下純真美味的記憶！本店每個禮拜都會推出一道風味菜，菜色結合多樣的變化，使本店貴賓常常有新口味料理可嚐鮮！,臺南市730新營區民治路83之2號,886-6-6572872,,,$$,893,臺南市,新營區,週二~週六11:00–14:00、17:00–21:00週日16:00–21:00，週一休息,請參考周邊路邊停車格或收費停車場,Cash,http://www.yuhang-tainan-beef.com/,https://www.google.com/maps/search/?api=1&query=%E6%96%B0%E7%87%9F%E6%9D%8E%E5%AE%B6%E5%AE%87%E8%88%AA%E7%89%9B%E8%82%89%E6%B9%AF%20%E8%87%BA%E5%8D%97%E5%B8%82730%E6%96%B0%E7%87%9F%E5%8D%80%E6%B0%91%E6%B2%BB%E8%B7%AF83%E4%B9%8B2%E8%99%9F,120.30647,23.30898,South,,,,ChIJzyIZDsOFbjQRW895u3D6KZ4,100
C3_376450000A_000129,蒸烹派餐廳,苗栗縣特色美食認證類別：客家料理;提供wifi;創意靈感的湧現，總是能把客家料理變得很時髦，符合現代人的健康概念，主廚研發推出養生涼拌三絲這道由雞胸肉絲、蘋果、綠筍、小黃瓜組合而成的料理，清爽開胃，絕妙口感讓挑剔的味蕾徹底懾服。,苗栗縣三義鄉雙湖村雙湖5-5號1樓,886-37-876482,,,$$,,苗栗縣,三義鄉,每日開放11:00–14:00；17:00–20:00(每週一公休),請參考周邊路邊停車格或收費停車場,Cash,http://www.hakka888.com/,https://www.google.com/maps/search/?api=1&query=%E8%92%B8%E7%83%B9%E6%B4%BE%E9%A4%90%E5%BB%B3%20%E8%8B%97%E6%A0%97%E7%B8%A3%E4%B8%89%E7%BE%A9%E9%84%89%E9%9B%99%E6%B9%96%E6%9D%91%E9%9B%99%E6%B9%965-5%E8%99%9F1%E6%A8%93,120.77336,24.41899,Central,,,,ChIJ_cOE6TgEaTQRa8A6ATp6yx0,